recipe_title,category,subcategory,description,ingredients,directions,num_ingredients,num_steps
air fryer potato slice dipping sauce,air fryer recipe,air fryer recipe,air fryer potato slice served beer ketchup dipping sauce tasty finger food somewhere french fry potato chip take time make dipping sauceits worth,34 ketchup 12 beer 1 worcestershire sauce 12 onion powder 14 cayenne 2 baking potato olive oil cooking spray 12 garlic powder salt freshly black pepper,combine ketchup beer worcestershire sauce onion powder cayenne small saucepan bring boil reduce heat simmer 3 5 minute remove heat cool cover store refrigerator ready use preheat air fryer 400 degree f 200 degree c spray basket cooking spray line disposable parchment liner slice potato 14inch thick use mandoline one place bowl spray potato olive oil spray sprinkle garlic powder salt pepper give potato good stir place potato single layer air fryer cook shaking occasionally start crisp bit turn golden brown 14 17 minute cooking time vary depending brand size fryer may cook batch remove fryer serve beer ketchup dipping sauce,9,5
gochujang pork belly bite,air fryer recipe,air fryer recipe,gochujang pork belly bite sweet spicy crispy crunchy absolutely delicious whether finish gochujang sauce air fryer dip sauce end irresistibly good,1 pound pork belly 14 gochujang 2 soy sauce 1 honey 1 ginger,preheat air fryer 400 degree f 200 degree c place pork belly piece basket single layer touching air fry 8 9 minute turn air fry 6 7 minute meanwhile sauce stir gochujang soy sauce hot honey ginger together medium bowl remove pork belly air fryer basket toss sauce coat return air fryer fry bite begin char edge 8 11 minute alternately use sauce dipping case continue fry without removing bite begin char 6 7 minute,5,4
3ingredient air fryer everything bagel chicken strip,air fryer recipe,air fryer recipe,3ingredient air fryer everything bagel chicken strip simple flavorful delicious chicken tender easy cook easy wow 5 minute prep time 3 ingredient quick fry air fryer dinner ready well half hour goto dipping sauce ranch dressing brown gravy tartar sauce made dill relish,1 u00bc pound chicken tender 1 olive oil 13 everything bagel seasoning taste,gather ingredient preheat air fryer 400 degree f 200 degree c according manufacturer instruction place tender bowl add oil toss coat add everything seasoning toss coat place tender air fryer basket single layer cook batch necessary cook longer pink center juice run clear 12 minute instant read thermometer inserted near center read least 165 degree f 74 degree c transfer serving plate serve desired dipping sauce,3,4
air fryer everything bagel chicken cutlet,air fryer recipe,air fryer recipe,air fryer everything bagel chicken cutlet breaded everythingseasoned panko breadcrumb air fried drizzled spicysweet ginger garlic sauce,4 chicken cutlet 1 pound total salt freshly black pepper taste 34 flour 2 large egg 2 milk 3 ablespoons verything bagel seasoning 1 12 panko breadcrumb olive oil cooking spray parchment,preheat air fryer 400 degree f 200 degree c according manufacturer instruction pat chicken cutlet dry paper towel season lightly salt pepper place flour resealable plastic bag set aside beat egg milk well blended shallow bowl plate stir everything bagel seasoning panko together add cutlet bag flour seal bag toss cutlet coated working 1 cutlet time shake extra flour dip cutlet egg mixture shake excess press cutlet panko mixture turn press crumb side adhere place breaded cutlet sheet parchment continue cutlet coated generously spray cutlet olive oil spray side place cutlet air fryer single layer working batch needed air fry 8 12 minute turning halfway desired thin cutlet take less time thick cutlet take instant read thermometer inserted near center read 165 degree f 74 degree c meanwhile glaze combine rice vinegar water brown sugar sriracha ginger garlic soy sauce small saucepan bring boil medium heat reduce heat simmer barely thickened 3 5 minute drizzle cutlet glaze serve warm garnish fresh parsley sprig,9,9
air fryer honey sriracha salmon bite,air fryer recipe,air fryer recipe,air fryer honey sriracha salmon bite cube salmon lightly seasoned salt pepper olive oil touch sriracha air fried crispy perfection drizzled bold sticky honeysriracha sauce bite perfect appetizer rice bowl topping paired side roasted vegetable,1 soy sauce 1 honey 1 sriracha 1 rice vinegar 14 granulated garlic,preheat air fryer 400 degree f 200 degree c whisk soy sauce honey 1 sriracha rice vinegar granulated garlic together small bowl set aside pat salmon dry cut 1 12inch cube toss salmon olive oil 12 sriracha salt pepper spray basket air fryer cooking spray place seasoned salmon basket air fryer working batch avoid overcrowding necessary cook preheated air fryer 4 minute gently turn salmon piece cook salmon flake easily fork 3 4 minute place serving platter drizzle honeysriracha sauce garnish green onion sesame seed serve immediately,5,5
air fryer corn cob,air fryer recipe,air fryer recipe,air fryer corn cob super quick make full sweet roasted corn flavor like roll mayo chili powder lime juice cotija flavor get crispy mexican street corn without fire grill,u00bc mayonnaise 2 crumbled cotija cheese 1 lime juice u00bc chili powder 2 ear corn shucked halved 4 sprig fresh cilantro taste optional,preheat air fryer 400 degree f 200 degree c mix mayonnaise cotija cheese lime juice chili powder shallow dish roll piece corn mayonnaise mixture side covered place 4 piece corn air fryer basket cook preheated air fryer golden crisp tender 8 minute garnish cilantro,6,4
air fryer peanut chicken,air fryer recipe,air fryer recipe,air fryer peanut chicken recipe boneless skinless chicken thigh marinated spicysweet peanut marinade rice noodle work dish cut bitesized piece serve salad,2 thai sweet chili sauce 1 soy sauce 1 sriracha 1 lime zested juiced 1 granulated garlic 1 fresh ginger 13 creamy peanut butter salt taste 6 skinless boneless chicken thigh cooking spray 2 cooked rice needed cilantro dryroasted peanut,combine chili sauce soy sauce sriracha lime zest lime juice granulated garlic ginger peanut butter salt taste large resealable plastic bag gently move mash ingredient inside bag well blended add chicken bag squeeze much air possible move chicken around inside bag piece coated marinade marinate refrigerator least 30 minute 24 hour preheat air fryer 350 degree f 180 degree c according manufacturer recommendation spray cooking surface air fryer cooking spray take chicken piece bag allow marinade drip back bag place chicken piece air fryer single layer air fry 20 22 minute turning halfway instantread thermometer inserted near center read 165 degree f 74 degree c meanwhile add 12 water unused marinade mix content pour microwavesafe container microwave high marinade come boil cook 1 minute longer watch carefully see boil serve chicken rice sauce side dip garnish cilantro sliced scallion julienne cucumber carrot peanut desired,13,7
air fryer crispy onion,air fryer recipe,air fryer recipe,air fryer crispy onion delicious steak burger side dish plus might easiest way achieve golden crispy onion ever,14 flour 12 cayenne pepper 14 salt taste 1 onion cooking spray,preheat air fryer 375 degree f 190 degree c according manufacturer instruction combine flour cayenne pepper salt bowl add onion slice toss well coated place onion basket spray avocado oil air fry golden brown 18 23 minute shaking basket every 4 5 minute,5,3
air fryer hot honey glazed carrot,air fryer recipe,air fryer recipe,air fryer hot honey glazed carrot delicious side dish easy make 3 ingredientsbaby carrot hot honey butter,nonstick cooking spray 2 butter 3 hot honey mike hot honeyu00ae 1 pound baby carrot,preheat air fryer 400 degree f 200 degree c spray basket nonstick spray combine butter hot honey bowl add carrot toss coat place carrot air fryer basket allowing excess sauce drip set bowl remaining sauce aside cook preheated air fryer tossing every 7 minute carrot roasted forktender 15 22 minute toss cooked carrot reserved sauce,4,3
air fryer sauteed onion,air fryer recipe,air fryer recipe,air fryer sauteed onion add lot burger sandwich taco fajitas even rice mashed potato like topping steaksthe possibility endless,1 large onion 1 12 olive oil salt freshly black pepper,preheat air fryer 400 degree f 200 degree c place onion petal olive oil bowl season salt pepper toss coat pour mixture basket air fryer cook 10 minute shake basket cook 2 minute,3,3
air fryer pasta taco,air fryer recipe,air fryer recipe,air fryer pasta taco fusion manicotti taco pasta shell filled taco seasoned beef cheese coated crushed tortilla chip air fried crunchy savory pasta taco,1 8 ounce box manicotti pasta 1 pound beef 1 packet taco seasoning 4 ounce green chile 1 10 ounce tomato green chile rotelu00ae drained 2 cheddar cheese 3 large egg 2 milk halfandhalf 3 tortilla chip salsa hot sauce sour cream andor guacamole,bring large pot salted water boil add pasta cook 6 minute drain rinse cold water set aside heat nonstick skillet mediumhigh heat add beef cook crumbling spoon evenly browned 7 minute add taco seasoning green chile rotel stir scraping browned bit bottom pan remove heat stir cheddar cheese fill pasta shell beef mixture freeze least 30 minute 1 hour meanwhile whisk together egg milk shallow dish place crushed tortilla chip second shallow dish lighty coat filled pasta egg wash coat crushed crumb pressing lightly adhere necessary preheat air fryer 400 degree f 200 degree c according manufacturer instruction working 2 batch air fry pasta taco 10 12 minute serve desired topping,10,7
copycat cinnabon delight hawaiian roll,air fryer recipe,air fryer recipe,make copycat cinnabon delight using hawaiian roll cream cheese air fryer recipe make enough serve crowd,8 ounce cream cheese 12 confectioner sugar 8 butter 1 vanilla 1 lemon juice 18 salt 12 slider roll 34 white sugar 1 cinnamon,combine cream cheese confectioner sugar 2 softened butter vanilla lemon juice salt together medium bowl mix electric mixer whisk smooth well blended transfer mixture resealable plastic bag piping bag use paring knife cut 12inch slit one side roll use small spoon handle finger form well center roll slit without going way side snip corner plastic bag fill roll cream cheese mixture help use small offset spatula end small spoon work mixture get ample amount filling inside without oozing side melt remaining butter small bowl brush light coating butter roll preheat air fryer 400 degree f 200 degree c according manufacturer instruction stir together sugar cinnamon shallow dish working batch avoid overcrowding air fry filled roll browned toasted 3 minute immediately coat warm roll evenly cinnamon sugar brush butter necessary dipping cinnamon sugar help sugar adhere,9,6
air fryer english muffin tuna melt,air fryer recipe,air fryer recipe,air fryer english muffin tuna melt make quick delicious meal begin toasting english muffin air fryer top quick tuna salad finish melting cheese air fryer,2 english muffin 2 5ounce can tuna 3 mayonnaise 1 mustard 3 celery 1 onion salt freshly black pepper taste 4 slice provolone cheese 4 slice cheddar cheese,preheat air fryer 325 degree f 165 degree c place sliced english muffin air fryer toast lightly browned 2 4 minute remove set aside combine tuna mayonnaise mustard celery onion salt pepper bowl mix combined divide tuna mixture 4 equal part top muffin half tuna top 1 slice provolone cheese 1 slice cheddar cheese air fry cheese melted 5 8 minute,9,2
air fryer lamb chop,air fryer recipe,air fryer recipe,air fryer lamb chop marinate fresh herb cook perfection air fryer 10 minute roasted potato green salad make excellent side dish,12 extra virgin olive oil 1 lemon zested juiced 1 kosher salt 12 black pepper 2 clove garlic 1 fresh oregano 1 fresh mint 2 fresh rosemary 3 fresh parsley 4 12inchthick lamb loin chop,combine olive oil lemon zest juice salt pepper garlic oregano mint rosemary parsley large resealable plastic bag gently squeeze content inside bag mix add lamb chop squeeze much air possible reseal bag marinate refrigerator least 2 hour 4 hour turn bag hour marinate side chop ready cook preheat air fryer 400 degree f 200 degree c according manufacturer instruction add lamb chop air fryer single layer air fry 3 12 minute turn chop continue air fry additional 3 minute test doneness instant read thermometer 120 degree f 49 degree c rare 130 degree f 54 degree c medium 145 degree f 63 degree c medium well add time 1minute increment achieve desired doneness tent foil allow rest 5 10 minute serving,10,6
air fryer pesto chicken quinoa bowl,air fryer recipe,air fryer recipe,air fryer pesto chicken quinoa bowl hearty dinner air fried seasoned chicken zucchini spear atop fluffy wholegrain quinoa fresh tomato crumbled feta,2 pesto 14 garlic powder 1 pound boneless chicken breast 2 olive oil 18 crushed red pepper flake 18 salt 18 black pepper 1 zucchini nonstick cooking spray 2 cooked quinoa see note 10 basil leaf 1 grape tomato 14 feta cheese,mix together pesto garlic powder bowl add chicken bowl stir evenly coated separate bowl mix together olive oil pepper flake salt black pepper add zucchini bowl stir evenly coated preheat air fryer 400 degree f 200 degree c lightly spray air fryer nonstick spray place chicken one side place seasoned zucchini side fry preheated air fryer instantread thermometer inserted center chicken read 165 degree f 74 degree c 10 minute mix cooked quinoa basil leaf together bowl place 1 quinoa u00bd tomato half chicken breast half zucchini spear top bowl half feta cheese serve,13,7
air fryer honey mustard salmon bite,air fryer recipe,air fryer recipe,air fryer honey mustard salmon bite quick easy make air fryer honey mustard salmon delicious togetherthese bite hit next party,1 pound salmon 1 olive oil 12 paprika 14 salt 18 black pepper 14 honey mustard,gather ingredient preheat air fryer 400 degree f 200 degree c combine salmon oil paprika salt pepper small mixing bowl toss combine place seasoned salmon basket air fryer air fry 4 minute using basting brush lightly brush honey mustard salmon piece stick toothpick bite air fry fish flake easily fork 4 minute transfer serving plate serve immediately,6,6
air fryer honey mustard salmon,air fryer recipe,air fryer recipe,air fryer honey mustard salmon quick enough make weeknight sweetsharp honey mustard perfect flavor match succulent salmon preparing air fryer next best thing grilling half trouble,1 pound salmon filet 2 dijon mustard 1 honey 12 salt 14 black pepper,gather ingredient preheat air fryer 400 degree f 200 degree c stir dijon honey together small bowl brush salmon season salt pepper place salmon single layer air fryer basket air fry salmon preheated air fryer fish flake easily fork 7 9 minute depending thickness sauce melt butter small saucepan medium heat remove heat pour whiskey return saucepan heat allow flame burn alcohol stir cream dijon honey bring gentle boil cook sauce thickens slightly 1 2 minute season salt pepper transfer salmon plate garnish sauce fresh thyme,5,6
panko sesame crusted salmon bite,air fryer recipe,air fryer recipe,airfried panko sesame crusted salmon bite crunchy nutty crust surrounding tender buttery perfectlycooked salmon youll time stir sweetsavory kewpie mayonnaise soy sesame chiligarliclime dipping sauce salmon bite fryer,1 pound salmon fillet 1 kosher salt 1 granulated garlic 12 mayonnaise 1 toasted sesame oil 1 soy sauce 1 12 lime juice 12 panko japanesestyle breadcrumb 12 toasted sesame seed cooking spray 2 chili garlic sauce 1 honey,gather ingredient sprinkle salmon evenly 12 salt whisk together granulated garlic 14 mayonnaise 1 12 sesame oil 1 12 soy sauce 1 lime juice remaining 12 salt bowl add salmon mayonnaise mixture gently toss coat stir together panko sesame seed 1 sesame oil shallow bowl working 4 batch dredge salmon panko mixture gently pressing adhere transfer large plate baking sheet lightly coat air fryer basket cooking spray place half salmon basket spaced least 1 inch apart cook 400 degree f 200 degree c browned instantread thermometer inserted thickest part salmon register 125 degree f 52 degree c 5 minute transfer cooked salmon plate repeat remaining salmon salmon cook stir together chili garlic sauce honey remaining 14 mayonnaise 1 12 soy sauce 12 toasted sesame oil 12 lime juice small bowl drizzle chili garlic mixture cooked salmon serve lime wedge,12,5
wet wet wing,air fryer recipe,air fryer recipe,fingerlicking chicken wing covered wet wet sauce surely smash hit next gathering,2 pound chicken wing drummettes 1 oil 1 12 kosher salt 12 pepper 1 wet wet sauce 12 bunchgreen onion green part sliced optional green onion green part sliced optional 1 sesame seed optional,toss wing bowl oil salt pepper transfer air fryer basket air fry wing 400 degree f 200 degree c cooked crisp 20 25 minute wing cook prepare wet wet sauce set aside pour wet wet sauce wing toss well coated sauce sprinkle green onion sesame seed desired,7,4
air fried tossed taquitos,air fryer recipe,air fryer recipe,air fried tossed taquitos frozen chicken taquitos given quick upgrade air frying tossing buttered hot sauce sprinkling cotija cheese cilantro,24 chicken taquitos 2 butter 1 hot sauce 14 cotija cheese 1 cilantro 12 sour cream needed dipping,heat air fryer 400 degree f 200 degree c add taquitos cook slightly crispy 8 minute meanwhile melt butter large skillet medium heat stir hot sauce well combined toss taquitos butter mixture well coated add serving platter top cheese cilantro serve sour cream,6,2
easy air fryer chicken breast,air fryer recipe,air fryer recipe,air fryer chicken breast quick simple make always come perfectly moist juicy recipe easy scale people,1 8 ounce chicken breast 2 olive oil 14 garlic powder taste salt freshly black pepper taste,gather ingredient preheat air fryer 360 degree f 182 degree c brush side chicken breast olive oil season garlic powder salt pepper one side place chicken breast seasonedside air fryer basket sprinkle side garlic powder salt pepper cook preheated air fryer 9 minute flip chicken continue cooking longer pink center juice run clear 9 minute instantread thermometer inserted center read least 165 degree f 74 degree c transfer chicken breast plate loosely cover aluminum foil let rest 5 minute serving,4,4
air fryer lemon garlic parmesan chicken,air fryer recipe,air fryer recipe,simple lemon garlic parmesan chicken thigh cooked air fryer seasoned lemon zest garlic oregano coated parmesan cheese come juicy tender,1 12 pound skinless boneless chicken thigh 3 clove garlic 1 lemon zest 1 paprika 1 dried oregano 12 salt 14 crushed red pepper 12 grated parmesan cheese 14 panko bread crumb cooking spray,gather ingredient preheat air fryer 400 degree f 200 degree c place chicken large bowl add garlic lemon zest paprika oregano salt crushed red pepper toss coat chicken seasoning combine parmesan cheese panko shallow dish dredge chicken parmesan mixture coat sprinkle remaining mixture chicken pat adhere coat chicken generously cooking spray lightly coat air fryer basket cooking spray place chicken prepared basket cook batch needed air fry 12 minute instantread thermometer inserted center read 170 degree f 77 degree c serve immediately,10,7
air fryer smores,air fryer recipe,air fryer recipe,recipe air fryer smores perfect time craving bonfire easily make 1 smore air fryer make whole batch,1 sleeve graham cracker 5 15 ounce chocolate candy bar 10 smoresized marshmallow,preheat air fryer 380 degree f 193 degree c lay total 10 graham cracker break apart take 10 smore size marshmallow cut half horizontally serrated knife place sticky side marshmallow half onto square side graham cracker rectangle place piece parchment air fryer basket place graham cracker basket marshmallow side facing air fry marshmallow toasted 3 4 minute remove carefully gently break marshmallowtopped graham cracker rectangle 2 square add chocolate bar half top 1 square sandwich chocolate square,3,4
air fryer baked yam,air fryer recipe,air fryer recipe,air fryer baked yam free oven especially helpful holiday come every bit tender moist ovenbaked yam,1 yam 12 olive oil,preheat air fryer 400 degree f 200 degree c scrub yam clean dry paper towel rub olive oil place yam preheated air fryer cook tender pierced fork 15 20 minute,2,3
lemon garlic butter chicken spiedini,air fryer recipe,air fryer recipe,lemon garlic butter chicken spiedini airfried crispy golden breaded chicken skewer light lemon garlic butter drizzle,12 extravirgin olive oil 14 white wine pinot grigio 3 lemon juice 1 lemon zest 4 clove garlic 14 crushed red pepper flake 14 oregano 2 kosher salt 1 pepper 2 pound skinless boneless chicken thigh 23 italian breadcrumb 23 panko 12 grated parmesan cheese 12 garlic powder skewer cooking spray 4 butter 2 fresh parsley,whisk together olive oil wine 2 lemon juice lemon zest 12 garlic crushed red pepper oregano 1 salt 12 pepper bowl add chicken toss coat cover refrigerate 30 minute 1 hour stir together remaining salt pepper bread crumb panko parmesan cheese garlic powder shallow dish remove chicken marinade toss coat breadcrumb mixture pressing adhere necessary thread chicken onto skewer coat olive oil cooking spray preheat air fryer 390 degree f 198 degree c air fry chicken longer pink center juice run clear lightly golden brown crisp 12 minute instant read thermometer inserted near center read 165 degree f 74 degree c meanwhile melt butter remaining garlic microwavesafe dish high microwave 10 second stir remaining lemon juice parsley drizzle butter mixture chicken serving,18,4
air fryer grilled pimento cheese,air fryer recipe,air fryer recipe,pimento cheese southern classic also component legendary sandwich annual master golf tournament updated twist combine juicy tomato crusty bread air fry toasty perfection youll ultimate sandwich,4 slice french bread 2 mayonnaise 12 pimento cheese spread 1 tomato 18 dried basil salt freshly black pepper,preheat air fryer 370 degree f 188 degree c spread one side bread slice lightly mayonnaise lay 2 slice bread mayonnaise side evenly spread pimento cheese top tomato slice sprinkle basil season salt pepper top remaining 2 bread slice mayonnaise side move sandwich air fryer basket place toothpick center sandwich air fry bread fully toasted golden brown 8 10 minute flipping halfway remove toothpick sandwich slice half serve,6,4
air fryer chicken parmesan,air fryer recipe,air fryer recipe,use air fryer make quick easy chicken parmesan recipe resulting crispy golden brown chicken lot cheesiness sauce perfect busy weeknight dont want fuss deepfrying,2 28ounce boneless skinless chicken breast patted dry 34 kosher salt divided 12 black pepper divided 13 purpose flour 2 large egg lightly beaten 1 12 seasoned panko japanesestyle breadcrumb 14 armesan cheese plus garnish 2 olive oil 14 crushed red pepper 14 garlic powder 1 marinara sauce plus serving 1 mozzarella cheese,gather ingredient cutting board butterfly chicken cutting breast half widthwise create 4 thin piece chicken season side 12teaspoon salt 14 black pepper place flour egg panko 3 separate shallow dish add parmesan oil crushed red pepper garlic powder panko stir coat add remaining 14 salt remaining 14 black pepper flour stir combine working 1 chicken piece time dredge chicken flour shake excess dip egg let excess drip dredge panko mixture coat place plate preheat 6quart air fryer 400 degree f 200 degree c 2 minute working two batch add 2 chicken cutlet air fryer basket single layer cook chicken golden brown side 5 minute per side top chicken piece 14 marinara 14 mozzarella cheese snugly fit 4 breast single layer air fryer basket cook 400 degree f 200 degree c cheese melted browned thermometer inserted thickest portion chicken register 165 degree f 73 degree c 2 3 minute,12,6
air fryer eggplant,air fryer recipe,air fryer recipe,air fryer eggplant there need timeconsuming breading quickandeasy eggplant tasty soft creamy inside,1 pound eggplant 2 avocado oil 12 garlic powder 12 dried thyme 12 lemon pepper 14 salt,preheat air fryer 400 degree f 200 degree c place disposable paper liner air fry basket give spritz cooking spray stir eggplant cube large bowl avocado oil sprinkle garlic powder thyme lemon pepper salt toss piece well coated place eggplant cube single layer air fryer basket mist cooking spray cook browned outside tender inside 15 17 minute shaking basket halfway serve immediately,6,3
air fryer sriracha fry,air fryer recipe,air fryer recipe,air fryer sriracha fry best french fry anyone love spicy foodgolden crispy spicy,2 3 russet potato 1 oil 2 riracha 1 pinch salt,cut potato fry place cut fry bowl water soak 1 hour preheat oven 200 degree f 95 degree c line baking sheet paper towel set wire rack sheet preheat air fryer 375 degree f according manufacturer instruction drain fry pat dry paper towel place fry resealable plastic bag add oil 1 sriracha salt seal bag toss coat add fry bottom air fryer basket single flat layer stacked work batch air fry crispy golden brown 13 minute place fry prepared baking sheet keep warm preheated oven repeat remaining fry place fry platter drizzle remaining sriracha enjoy,4,8
crispy air fryer potato bite,air fryer recipe,air fryer recipe,crispy air fryer potato bite crispy flavorful outside tender inside grated parmesan creates perfect crust air fryer,1 pound red potato 1 olive oil 12 garlic powder 14 salt 18 black pepper 2 grated parmesan cheese,preheat air fryer 400 degree f 200 degree c according manufacturer instruction place cubed potato large bowl add olive oil toss coat add garlic powder salt pepper toss add grated parmesan toss one last time place seasoned potato basket preheated air fryer cook 8 minute shake cook tender 4 minute serve immediately,6,3
copycat wingstop cajun corn,air fryer recipe,air fryer recipe,copycat wingstop cajun corn seasoned garlic cayenne herb exactly like favorite restaurant version,4 ear corn 2 olive oil 1 14 kosher salt 12 butter 12 pepper 1 onion powder 1 garlic powder 14 thyme 14 oregano 1 paprika 14 cayenne pepper,cut corn 2inch thick piece toss corn olive oil 1 salt 2 melted butter preheat air fryer 400 degree f 200 degree c according manufacturer instruction add corn air fryer cook 15 minute tossing occasionally partially golden brown meanwhile combine remaining salt butter remaining ingredient large bowl mix well add cooked corn butter mixture toss well coat,11,4
air fryer po boy,air fryer recipe,air fryer recipe,deliciously crispy fried shrimp cooked air fryer piled onto toasted roll flavorful coleslaw make lighter version classic po boy sandwich love,u00bc lemon juice 3 olive oil 2 clove garlic 1 fresh tarragon 2 dijon mustard u00bd kosher salt divided 1 14 ounce package coleslaw mix u00be buttermilk 2 hot pepper sauce 1 cayenne pepper 1 dried chipotle pepper u00bd black pepper 1 u00bd pound large shrimp peeled deveined tail removed 2 whole wheat panko bread crumb 6 6 inch wholewheat hoagie roll split toasted,make coleslaw whisk lemon juice oil garlic tarragon mustard 14 kosher salt together bowl add coleslaw mix toss coat set aside whisk buttermilk hot sauce cayenne chipotle pepper black pepper remaining salt together another bowl add shrimp buttermilk mixture tossing coat let marinate minute meanwhile preheat air fryer 400 degree f 200 degree c according manufacturer instruction add 23 panko shallow dish remove shrimp buttermilk mixture letting excess drip working 3 batch dredge 13 shrimp 23 panko turning evenly coat transfer baking sheet repeat remaining shrimp panko working batch necessary arrange shrimp single layer fryer basket cook turning shrimp golden brown cooked 8 minute serve put coleslaw roll top shrimp,15,6
air fryer buffalo wing,air fryer recipe,air fryer recipe,crispy air fryer buffalo wing seasoned garlic paprika cayenne pepper take minute prep always come juicy inside serve ranch blue cheese sauce eat asis,2 sea salt 1 garlic powder 1 mustard powder 1 coriander 1 smoked paprika u00bd cayenne pepper u00bc black pepper 1 pound chicken wing,preheat air fryer 380 degree f 190 degree c combine sea salt garlic powder mustard powder coriander smoked paprika cayenne pepper black pepper shallow bowl dredge chicken wing spice mixture set air fryer basket one layer cook air fryer chicken wing longer pink bone juice run clear 30 minute instantread thermometer inserted near bone read 165 degree f 74 degree c wing smaller reduce cooking time,8,3
air fryer smashed potato,air fryer recipe,air fryer recipe,golden crispy air fryer smashed potato easier make think 20 minute theyre flavored garlic brushed butter make extra crispy,8 ounce baby gold potato 1 melted unsalted butter 12 salt 14 garlic powder 14 freshly black pepper fresh parsley garnish optional,preheat air fryer 400 degree f 200 degree c meanwhile place potato microwavesafe bowl cook high tender 5 minute transfer potato baking sheet use bottom small glass gently smash 34 12inch thick thinner flatten potato crispier brush melted butter top smashed potato season salt garlic powder pepper place potato basket air fryer even layer cook golden crisp 10 minute garnish parsley serve hot,6,5
air fryer quesadilla,air fryer recipe,air fryer recipe,air fryer quesadilla golden crispy quick easy make skillet wash flour corn tortilla work recipe choice cheese,2 flour tortilla 12 cheese nonstick cooking spray,heat tortilla microwave pliable 15 second place 14 cheese one half tortilla fold half tortilla cheese place air fryer spray nonstick cooking spray set temperature 375 degree f 190 degree c place quesadilla basket air fryer cook golden brown 4 6 minute flip quesadilla press spatula air fry additional 2 3 minute,3,3
air fryer truffle polenta fry,air fryer recipe,air fryer recipe,air fryer truffle polenta fry flavored truffleinfused oil truffle zest crispy outside tender juicy inside like serve alongside steaksteak frites speak serve dipping sauce recommend spicy mayo marinara ranch ketchup,1 18 ounce tube polenta 1 12 black truffleinfused olive oil 1 12 truffle zest seasoning 2 parmesan cheese 2 fresh parsley,preheat air fryer 400 degree f 200 degree c according manufacturer instruction line baking sheet paper towel set aside cut tube polenta half widthwise cut half half lengthwise cut 12inch wide fryshaped stick whisk truffleinfused olive oil truffle zest bowl add fry gently toss coat place fry basket air fryer single layer depending size air fryer fry may need cooked batch cook 10 minute shake basket cook 5 minute using tongs transfer fry prepared baking sheet garnish parmesan parsley,5,5
air fryer firecracker salmon bite,air fryer recipe,air fryer recipe,air fryer firecracker salmon bite get quick spicy soyginger marinade pop air fryer,14 balsamic vinegar 14 brown sugar 3 vegetable oil 3 soy sauce 1 garlic 1 ginger 2 crushed red pepper flake taste 12 kosher salt 1 14 pound salmon filet cooking spray,combine balsamic vinegar brown sugar oil soy sauce garlic ginger red pepper salt bowl whisk well set aside half marinade serving add salmon remaining marinade bowl toss lightly coat cover plastic wrap marinate refrigerator least 30 minute 4 hour preheat air fryer 400 degree f 200 degree c 2 3 minute according manufacturer instruction spray air fryer basket nonstick cooking spray add salmon single layer cooking batch necessary cook salmon flake easily fork lightly browned crisp around edge 6 8 minute serve drizzled reserved sauce,10,4
air fryer chicken bite,air fryer recipe,air fryer recipe,air fryer chicken bite seasoned lemon garlic italian herb perfect addition appetizer tray great add salad main dish family dinner,1 pound boneless chicken breast 3 butter melted 1 olive oil 1 lemon juice taste 3 clove garlic 1 talian seasoning 1 salt 1 paprika 12 cayenne pepper optional,preheat air fryer 350 degree f 175 degree c setting 5 minute stir melted butter olive oil lemon juice garlic italian seasoning salt paprika cayenne together large bowl add chicken piece toss coat thoroughly place chicken piece single layer air fryer basket may cook batch air fry preheated fryer chicken longer pink center juice run clear 8 10 minute instantread thermometer inserted near center read 165 degree f 74 degree c,9,3
4 ingredient air fryer pepper popper,air fryer recipe,air fryer recipe,4 ingredient air fryer pepper popper flavor love popper without heat like tad heat feel free add pepper jack cheese mixture first thing disappear next watch party,1 bell pepper color 8 ounce cream cheese softened 1 1 ounce packet ranch dip mix 2 bacon bit,preheat air fryer 390 degree f 199 degree c according manufacturer instruction quarter bell pepper lengthwise remove stem membrane seed discard cut quarter half lengthwise mix cream cheese ranch dip mix bacon bit together bowl evenly combined using spoon divide mixture pepper slice 1 12 2 per slice place stuffed bell pepper basket air fryer cook cheese filling lightly browned 8 10 minute check 8 minute air fryer vary,4,4
air fryer bell pepper popper,air fryer recipe,air fryer recipe,want appetizer try air fryer bell pepper popper everyone take heat jalapeño peppersno worry though use brightly colored mini bell pepper fill boursin herbflavored gournay cheese add little piece bacon top air fry single layer cooking batch depending size air fryer,9 mini pepper mini bell pepper 52 ounce gournay cheese 6 slice bacon cut 3 short piece fresh parsley garnish optional,preheat air fryer 400 degree f 200 degree c according manufacturer direction slice minipepper half stem tip remove membrane seed fill minipepper boursin place piece bacon top place filled minipepper half single layer air fryer cook bacon crisp like 8 12 minute air fry batch necessary place serving platter garnish parsley serve warm,4,4
air fryer cinnamon roll bite,air fryer recipe,air fryer recipe,serve air fryer cinnamon roll bite family youll see smile around table theyre kidsized fun way serve cinnamon roll refrigerated cinnamon roll cut bite air fried tossed cinnamon sugar served orangeflavored creamy dip,1 124 ounce refrigerated cinnamon roll pillsburyu2122 14 white sugar 12 cinnamon 4 ounce cream cheese softened 34 confectioner sugar 1 orange peel 1 orange juice icing,preheat air fryer 325 degree f 165 degree c according manufacturer instruction add sugar cinnamon large resealable plastic bag shake combine remove 8 cinnamon roll set icing aside cut roll 4 equal piece total 32 bite line fryer basket parchment paper place bite single layer bottom basket cook 3 minute turn using tongs cook golden brown another 2 3 minute depending brand size air fryer may cook batch timing may vary watch closely meanwhile prepare dip add cream cheese confectioner sugar orange zest orange juice packaged icing small bowl beat electric mixer medium speed reach dipping consistency 1 minute drop warm piece sugarcinnamon mixture shake transfer plate basket serve dip,8,5
air fryer ham cheese wrap,air fryer recipe,air fryer recipe,air fryer ham cheese wrap couldnt get easier 5 ingredient think ham melty cheese nestled warm toasty tortilla two u air fryer basket small wrote 2 serving recipe easily doubled large air fryer want work batch,4 7inch flour tortilla 14 spicy mustard 8 thin slice deli ham 4 slice olbyjack cheese 2 butter,place tortilla clean work surface spread 1 mustard thin even layer tortilla leaving 12inch edge free mustard place 2 slice ham tortilla top tortilla 1 slice cheese fold opposing edge tortilla overlap filling roll 1 opposing edge around filling creating burrito preheat air fryer 400 degree f 200 degree c according manufacturer instruction brush top wrap melted butter place wrap basket air fryer cook 6 minute using tongs transfer wrap cutting board cut half serve immediately,5,5
air fryer buffalo cauliflower,air fryer recipe,air fryer recipe,air fryer buffalo cauliflower clever way get veggie without sacrificing saucy flavor love buffalo wing always serve celery carrot stick favorite blue cheese dressing,u00bd buffalo wing sauce frank 1 butter melted 1 honey 1 2 pound cauliflower broken floret u00bc flour u00bc cornstarch 1 garlic powder u00bd seasoned salt lawrys u00bc paprika drizzle buffalo wing sauce optional,combine hot sauce butter honey large bowl whisk well combined add cauliflower floret stir well coated combine flour cornstarch garlic powder seasoning salt paprika separate bowl stirring well gradually sprinkle flour mixture cauliflower floret tossing floret coated preheat air fryer 390 degree f 195 degree c spray fryer basket olive oil spray line parchment liner transfer cauliflower floret air fryer basket single layer making sure overcrowd basket theyll crisp turn soggy air fry 10 15 minute shaking basket several time floret lightly browned crispy overcooked mushy may cook batch depending size air fryer time may vary depending size brand air fryer give cauliflower light drizzle buffalo wing sauce come air fryer desired serve choice creamy dipping sauce,10,6
air fryer honeymustard chicken thigh,air fryer recipe,air fryer recipe,air fryer honeymustard chicken thigh prove simple chicken recipe dont boring jazz chicken thigh tasty smoky honeymustard sauce like served mixed vegetable caesar salad quick easy dinner,4 boneless skinless chicken thigh 12 onion powder 12 garlic powder 12 smoked paprika 14 salt taste 14 black pepper taste 2 honey 2 ijon mustard olive oil cooking spray,preheat air fryer 390 degree f 198 degree c recommended manufacturer pat chicken thigh dry paper towel sauce combine onion powder garlic powder smoked paprika salt pepper small bowl stir honey dijon mustard spray one side chicken thigh olive oil spray place oiled side air fryer single layer brush top chicken thigh sauce air fry 390 degree f 198 degree c 8 minute carefully turn chicken thigh brush remaining sauce continue air frying internal temperature chicken reach 165 degree f 74 degree c tested instantread thermometer 6 8 minute serve warm,9,5
air fryer heart palm stick,air fryer recipe,air fryer recipe,id never seen recipe air fryer heart palm stick id seen artichoke heart mozzarella stick fried air fryer thoughtwhy pleasant surprise take look mozzarella stick tangy meaty texture center serve marinara sauce dipping ranch salad dressing would also great,14 flour 14 salt 18 black pepper 1 large egg 14 talian bread crumb 2 panko bread crumb 2 grated parmesan cheese 1 14 ounce heart palm drained cooking spray,stir flour salt pepper together shallow bowl beat egg fork separate shallow bowl stir together italian breadcrumb panko breadcrumb grated parmesan third shallow bowl line baking sheet parchment paper roll 1 heart palm seasoned flour dip egg roll seasoned bread crumb place prepared baking sheet repeat remaining heart palm transfer baking sheet freezer 20 minute meanwhile preheat air fryer 400 degree f 200 degree c spray heart palm stick olive oil place basket preheated air fryer cook 6 minute roll stick cook coating crisp 6 minute serve immediately,9,6
air fryer cheesy bacon ranch french fry,air fryer recipe,air fryer recipe,simple cheesy bacon ranch fry great appetizer served grilled burger start frozen fry perfect last minute side unexpected guest never disappoint garnish chive serve ranch salad dressing desired,4 frozen french fry 14 olive oil 2 ranch salad dressing mix 2 bacon bit 1 pinch salt 14 cheddar cheese,preheat air fryer 400 degree fahrenheit 200 degree c place frozen french fry large bowl whisk olive oil dry ranch salad mix separate small bowl smooth pour olive oil mixture fry toss coat add bacon bit salt toss place seasoned fry basket air fryer cook 7 minute shake basket cook 5 minute sprinkle cheese fry cook 2 minute using spatula transfer serving platter serve immediately,6,4
air fryer mini dark chocolate cake brown butter frosting,air fryer recipe,air fryer recipe,use air fryer make yummy mini dark chocolate cake topped brown butter frosting brown butter frosting need used immediately preparation,cooking spray 14 flour plus dusting cake pan 3 unsweetened dutch process cocoa powder 12 baking powder 14 baking soda 14 salt 3 buttermilk 3 unsweetened applesauce 4 12 canola oil 1 12 vanilla 1 large egg 12 sugar 1 ounce dark chocolate plus garnish,preheat air fryer 320 degree f 160 degree c coat 6inch cake pan cooking spray line bottom pan parchment paper dust 2 flour tapping excess stir together 14 flour cocoa baking powder baking soda salt small bowl another small bowl whisk together buttermilk applesauce oil espresso powder vanilla third bowl beat egg electric mixer low speed gradually add sugar increase mixer speed high continue beating mixture thick pale 2 minute alternately fold flour mixture buttermilk mixture egg mixture rubber spatula stirring incorporated adding next addition fold dark chocolate pour batter prepared pan arrange pan air fryer basket cook toothpick inserted center come clean 25 minute let cool pan wire rack 10 minute remove cake pan allow cool completely wire rack frosting melt butter heavy saucepan medium heat cook stirring occasionally butter begin turn golden brown smell nutty 15 20 minute transfer butter bowl cool 10 minute whisk honey vanilla whisk powdered sugar smooth adding water 1 time desired consistency frosting look separated come together whisking water little time immediately top cooled cake frosting garnish additional dark chocolate,14,9
air fryer spanakopita,air fryer recipe,air fryer recipe,classic greek appetizer spanakopita easily made air fryer,2 10ounce package frozen spinach thawed squeezed dry 12 feta cheese 12 mozzarella cheese 12 grated parmesan cheese 1 clove garlic 1 1 pound package frozen phyllo dough thawed 12 unsalted butter melted tzatziki sauce serving fresh dill serving,filling stir together spinach feta mozzarella parmesan garlic bowl line baking sheet parchment paper arrange 1 sheet phyllo clean work surface brush lightly melted butter top 2 phyllo sheet butter cover remaining phyllo damp towel work cut phyllo stack lengthwise 3 3inchwide strip spoon 1 filling bottom strip take bottom right corner fold dough filling make triangle fold bottom left corner make another triangle continue folding dough folded arrange spanakopita seam side prepared baking sheet lightly brush butter repeat remaining phyllo filling butter preheat air fryer 375 degree f 190 degree c arrange spanakopita even layer air fryer basket working batch needed cook turning halfway spanakopita golden brown 12 15 minute cool slightly serve tzatziki sauce dill,9,6
air fryer pecan crusted trout,air fryer recipe,air fryer recipe,pecan crusted trout cooked air fryer quick easy dinner table 20 minute serve vegetable rice,23 pecan 1 dried rosemary crushed 12 salt 2 flour 1 large egg 4 4ounce rainbow trout fillet thawed frozen skinned desired 2 maple syrup lemon wedge serving,preheat air fryer 400 degree f 200 degree c stir pecan rosemary salt together shallow dish second shallow dish add flour third shallow dish lightly beat egg dip one side fillet flour shaking excess dip egg pecan mixture lightly pressing coat fish working batch needed arrange fillet parchment paper pecancoating transfer fish parchment air fryer basket cook fish easily flake fork instantread thermometer inserted thickest part fillet register 145 degree f 62 degree c 7 8 minute drizzle fillet maple syrup serve lemon wedge,8,5
air fryer blooming onion,air fryer recipe,air fryer recipe,use air fryer prepare blooming onion fun appetizer resembling flower serve dipping sauce shared appetizer,1 milk 1 large egg 1 flour 34 salt 34 cayenne pepper 12 paprika plus garnish 14 black pepper 14 dried oregano 18 dried thyme 18 cumin 1 large 14 16ounces sweet onion cooking spray,preheat air fryer 375 degree f 190 degree c whisk together milk egg bowl combined large bowl stir together flour salt cayenne pepper paprika black pepper oregano thyme cumin slice 1 inch top onion remove papery skin remove 1inchdiameter core middle onion using apple corer paring knife leaving bottom root end intact use large sharp knife slice threefourths way center onion turn onion 90 degree slice keep slicing section half 16 section careful cut bottom onion spread section apart dip onion milk mixture flour mixture coat separating petal sprinkling flour mixture dip onion milk mixture flour mixture coat coat onion cooking spray arrange onion air fryer basket cook crispy 20 25 minute stir together mayonnaise horseradish sauce ketchup paprika salt dried oregano cayenne pepper black pepper small bowl chill blooming onion ready serve blooming onion dipping sauce garnish additional paprika,12,7
air fryer tempura vegetable,air fryer recipe,air fryer recipe,air fryer make easy cook tempura vegetable formula create customized tempurabattered veggie using different vegetable seasoning dipping sauce,2 large egg white 14 seltzer water 12 flour 14 seasoning see variation 12 salt 14 black pepper 2 vegetable 12 purchased dipping sauce,preheat air fryer 350 degree f 175 degree c beat egg white bowl frothy whisk seltzer wateruntil combined whisk flour seasoning salt pepper batter form coat basket cooking spray dip vegetable batter coated allow excess drip working batch needed arrange vegetable even layer basket cook golden brown 7 minute serve dipping sauce,8,3
air fryer turtle cheesecake,air fryer recipe,air fryer recipe,know use air fryer make turtle cheesecake flavor chocolate caramel toasted pecan creamy cheesecake perfect match,1 graham cracker crumb 1 sugar 6 butter melted 12 ounce cream cheese softened 13 sour cream 13 sugar 1 lemon juice 1 vanilla 1 pinch salt 2 large egg 2 2 2 caramel ice cream topping taste 2 pecan taste,line bottom 7 7 12inch springform pan cake pan parchment paper stir together graham cracker 1 sugar bowl stir melted butter press crumb mixture bottom 1 inch side prepared pan filling combine cream cheese sour cream 13 sugar lemon juice vanilla salt bowl beat electric mixer mediumhigh speed smooth add egg 1 time beating low speed combined pour filling crust arrange pan air fryer basket set air fryer 300 degree f 150 degree c cook 15 minute reduce temperature 240 degree f 115 degree c cook 20 minute center cheesecake appear wet may jiggle slightly transfer cheesecake wire rack let stand 15 minute using small sharp knife thin spatula loosen cheesecake side pan let stand completely cooled 30 minute remove cheesecake pan chill covered least 4 hour overnight serve drizzle chocolate caramel ice cream topping sprinkle pecan,13,5
air fryer samosa,air fryer recipe,air fryer recipe,use air fryer make indian samosa version vegetarian potato pea cook samosa air fryer,12 ounce yukon gold potato 1 extravirgin olive oil 12 onion 1 fresh ginger 2 clove garlic 1 garam masala 12 cumin 14 salt 18 cayenne pepper optional 23 frozen pea thawed 14 fresh cilantro plus garnish 24 wonton wrapper cooking spray,add potato small saucepan cover salted water bring boil high heat reduce heat simmer 10 minute forktender drain transfer potato bowl mash mostly smooth small chunk remaining saucepan heat oil medium heat add onion cook stirring occasionally tender 3 4 minute stir ginger garlic cook fragrant 30 second add garam masala cumin salt using cayenne cook 30 second stir mashed potato pea cook warmed remove heat stir cilantro arrange wonton wrapper clean work surface evenly spoon filling center wontonwrappers lightly wet border wrapper withwater fold two corner together form triangle press edge seal coat side samosa cooking spray preheat air fryer 350 degree f 175 degree c coat air fryer basket cooking spray working batch needed arrange samosa even layer basket cook turning halfway samosa golden brown crispy 8 minute meanwhile combine yogurt cilantro lime zest lime juice garlic salt pepper small food processor process well combined chill covered 5 day serve samosa cilantroyogurt sauce garnish additional cilantro,13,7
air fryer roasted vegetable gremolata red pepper aioli,air fryer recipe,air fryer recipe,air fryer roasted vegetable come wonderfully crisp tenderpaired homemade gremolada red pepper aioli make tasty appetizer side,1 medium zucchini 1 medium summer squash 1 8 ounce package cremini mushroom halved quartered large 34 cauliflower floret 6 color mini bell pepper 2 vegetable oil 14 salt 14 black pepper 12 fresh parsley 2 garlic 2 lemon zest,preheat air fryer 360 degree f 180 degree c combine zucchini summer squash mushroom cauliflower bell pepper oil salt black pepper bowl toss coat arrange vegetable even layer air fryer basket working batch needed cook turning halfway tender 10 minute meanwhile gremolata stir together parsley garlic lemon zest small bowl red pepper aioli stir together mayonnaise roasted red pepper olive oil red wine vinegar garlic small bowl top roasted vegetable gremolata serve red pepper aioli,11,6
crab rangoon air fryer,air fryer recipe,air fryer recipe,crab rangoon turn extra crispy cooked air fryer filled crab cream cheese spice little crab puff tasty chineseamerican treat,12 apricot fruit spread 1 chiligarlic sauce 1 lesssodium soy sauce 12 orange zest 2 freshly squeezed orange juice 1 orange 4 ounce cream cheese 4 ounce crabmeat drained 2 chive 2 orcestershire sauce 1 clove garlic grated 12 14 black pepper 18 salt 18 wonton wrapper cooking spray,stir together apricot spread chiligarlic sauce soy sauce orange zest orange juice small bowl dipping sauce preheat air fryer 350 degree f 175 degree c stir together cream cheese crab chive worcestershire garlic pepper salt bowl filling arrange 6 wonton wrapper work surface keep remaining wrapper covered ready use prevent drying spoon 2 crab filling center wrapper lightly wet border wrapper water bring together 2 opposite corner wrapper filling seal together bring remaining 2 corner toward center sealing edge wrapper enclose filling repeat remaining wrapper filling working batch needed coat dumpling cooking spray arrange even layer air fryer basket cook dumpling crispy golden brown 8 minute serve sauce,14,6
air fryer everythingbagel salmon dinner,air fryer recipe,air fryer recipe,salmon fillet flavored everything bagel seasoning cooked air fyer sweet potato broccoli perfectly balanced meal 2 weekday,cooking spray 1 sweet potato cut 14inch wedge 3 olive oil divided 14 salt divided 14 black pepper divided 1 ijon mustard 1 honey 2 mayonnaise 2 broccoli floret 2 ounce salmon fillet 2 everything bagel seasoning 1 soy sauce,preheat air fryer 400 degree f 200 degree c coat sheet foil cooking spray toss sweet potato 1 12 oil 18 salt pepper bowl arrange sweet potato even layer foil transfer air fryer basket cook mostly tender 10 minute meanwhile stir together mustard honey mayonnaise small bowl another bowl toss broccoli remaining 1 12 oil 18 salt pepper push sweet potato one side basket add salmon side spoon 1 mustard mixture onto fillet spread coat top fillet sprinkle evenly bagel seasoning arrange broccoli around sweet potato salmon cook salmon opaque flake easily fork sweet potato broccoli tender 10 14 minute stir soy sauce remaining mustard mixture drizzle sweet potato broccoli serve,12,5
air fryer crispy pickle chip creole dipping sauce,air fryer recipe,air fryer recipe,crispy pickle chip easily cooked air fryer serve homemade creole dipping sauce tasty snack,12 flour 2 large egg 1 panko bread crumb 1 16 ounce jar reducedsodium dill pickle chip drained 14 mayonnaise 1 mustard,preheat air fryer 350 degree f 175 degree c lightly coat air fryer basket cooking spray put flour shallow dish second shallow dish lightly beat egg third shallow dish add panko pat pickle chip dry coat pickle flour shaking excess dip egg allowing excess drip toss panko lightly pressing adhere arrange pickle air fryer basket even layer overcrowd working batch needed cook pickle chip golden brown 6 minute meanwhile stir together mayonnaise creole mustard lemon juice smoked paprika small bowl serve dipping sauce pickle,6,4
air fryer raspberry brownie bite,air fryer recipe,air fryer recipe,small raspberry brownie bite cooked air fryer lovely fruity flavor,23 fresh frozen raspberry 2 cashew butter 2 water 4 ounce dark chocolate 4 unsalted butter 14 canola oil 1 large egg 1 large egg yolk 12 sugar 1 vanilla 14 salt 13 purpose flour 13 wholewheat pastry flour 2 unsweetened cocoa powder,lightly coat 20 134inch foil muffin cooking spray cook raspberry small saucepan mediumlow heat stirring crushing fork broken 2 4 minute transfer mini food processor add cashew butter water puru00e9e smooth stir together dark chocolate butter oil stainlesssteel bowl set bowl saucepan gently simmering water melt ingredient stirring occasionally remove heat stir combined let cool 20 minute combine egg egg yolk sugar vanilla salt another bowl beat electric mixer mediumhigh thickened 3 5 minute small bowl whisk together flour cocoa powder fold flour mixture half time egg mixture incorporated mixer running mediumlow mix melted chocolate mixture well combined spoon 2 brownie batter prepared muffin layer 1 raspberry mixture followed 12 brownie batter top working batch needed arrange muffin even layer air fryer basket preheat air fryer 350 degree f 175 degree c cook brownie preheated air fryer set 5 minute remove cool wire rack brownie keep chilled covered 3 day,14,8
air fryer sweet potato chip,air fryer recipe,air fryer recipe,use air fryer make yummy sweet potato chip much experimenting found best chip came mandoline set hair thicker 116 inch 332 inch thick,1 8 ounce sweet potato 1 canola oil 14 sea salt 14 freshly black pepper cooking spray,slice potato 116inchthick round using mandoline put potato slice large bowl cold water soak 20 minute drain pat dry paper towel wipe bowl return potato slice dried bowl add oil salt pepper toss gently coat preheat air fryer 350 degree f 175 degree c lightly coat air fryer basket cooking spray working batch needed arrange potato slice even layer basket overcrowd cook lightly golden crispy 12 16 minute turning rearranging chip even layer every 4 minute watch closely last 2 3 minute cooking check chip every 30 second using tongs remove golden chip basket needed avoid overcooking ending bitter chip let chip cool 5 minute chip continue crisp coolstore airtight container 3 day,5,5
air fryer green bean fry,air fryer recipe,air fryer recipe,green bean fry get extra crispy cooked air fryer fresh green bean first parboiled seasoned air fried served special sauce,1 lb fresh green bean trimmed 12 water 1 flour 1 large egg 13 milk 2 bread crumb 1 chili powder 1 garlic powder 1 onion powder 14 salt cooking spray lemon wedge serving,combine bean water saucepan cover bring boil cook bean bright green crisptender 4 minute drain transfer bowl ice water preheat air fryer 375 degree f 190 degree c put flour bowl another bowl whisk together egg milk third bowl stir together bread crumb chili powder garlic powder onion powder salt drain bean pat dry paper towel toss bean flour coat shaking excess dip egg mixture bread crumb coat shaking excess working batch needed arrange bean even layer air fryer basket lightly coat cooking spray cook turning halfway golden brown 4 minute like keep fry warm 250 degree f 95 degree c oven meanwhile stir together mayonnaise ketchup mustard pickle steak seasoning cayenne pepper small bowl special sauce serve green bean fry special sauce lemon wedge,12,6
3ingredient air fryer everything bagel chicken strip,air fryer recipe,air fryer main dish recipe,3ingredient air fryer everything bagel chicken strip simple flavorful delicious chicken tender easy cook easy wow 5 minute prep time 3 ingredient quick fry air fryer dinner ready well half hour goto dipping sauce ranch dressing brown gravy tartar sauce made dill relish,1 u00bc pound chicken tender 1 olive oil 13 everything bagel seasoning taste,gather ingredient preheat air fryer 400 degree f 200 degree c according manufacturer instruction place tender bowl add oil toss coat add everything seasoning toss coat place tender air fryer basket single layer cook batch necessary cook longer pink center juice run clear 12 minute instant read thermometer inserted near center read least 165 degree f 74 degree c transfer serving plate serve desired dipping sauce,3,4
air fryer everything bagel chicken cutlet,air fryer recipe,air fryer main dish recipe,air fryer everything bagel chicken cutlet breaded everythingseasoned panko breadcrumb air fried drizzled spicysweet ginger garlic sauce,4 chicken cutlet 1 pound total salt freshly black pepper taste 34 flour 2 large egg 2 milk 3 ablespoons verything bagel seasoning 1 12 panko breadcrumb olive oil cooking spray parchment,preheat air fryer 400 degree f 200 degree c according manufacturer instruction pat chicken cutlet dry paper towel season lightly salt pepper place flour resealable plastic bag set aside beat egg milk well blended shallow bowl plate stir everything bagel seasoning panko together add cutlet bag flour seal bag toss cutlet coated working 1 cutlet time shake extra flour dip cutlet egg mixture shake excess press cutlet panko mixture turn press crumb side adhere place breaded cutlet sheet parchment continue cutlet coated generously spray cutlet olive oil spray side place cutlet air fryer single layer working batch needed air fry 8 12 minute turning halfway desired thin cutlet take less time thick cutlet take instant read thermometer inserted near center read 165 degree f 74 degree c meanwhile glaze combine rice vinegar water brown sugar sriracha ginger garlic soy sauce small saucepan bring boil medium heat reduce heat simmer barely thickened 3 5 minute drizzle cutlet glaze serve warm garnish fresh parsley sprig,9,9
air fryer peanut chicken,air fryer recipe,air fryer main dish recipe,air fryer peanut chicken recipe boneless skinless chicken thigh marinated spicysweet peanut marinade rice noodle work dish cut bitesized piece serve salad,2 thai sweet chili sauce 1 soy sauce 1 sriracha 1 lime zested juiced 1 granulated garlic 1 fresh ginger 13 creamy peanut butter salt taste 6 skinless boneless chicken thigh cooking spray 2 cooked rice needed cilantro dryroasted peanut,combine chili sauce soy sauce sriracha lime zest lime juice granulated garlic ginger peanut butter salt taste large resealable plastic bag gently move mash ingredient inside bag well blended add chicken bag squeeze much air possible move chicken around inside bag piece coated marinade marinate refrigerator least 30 minute 24 hour preheat air fryer 350 degree f 180 degree c according manufacturer recommendation spray cooking surface air fryer cooking spray take chicken piece bag allow marinade drip back bag place chicken piece air fryer single layer air fry 20 22 minute turning halfway instantread thermometer inserted near center read 165 degree f 74 degree c meanwhile add 12 water unused marinade mix content pour microwavesafe container microwave high marinade come boil cook 1 minute longer watch carefully see boil serve chicken rice sauce side dip garnish cilantro sliced scallion julienne cucumber carrot peanut desired,13,7
air fryer salmon croquette,air fryer recipe,air fryer main dish recipe,crispy salmon croquette full flavor cooked air fryer easy dinner give recipe go tasty panfried croquette fussfree thanks air fryer,1 145 ounce salmon drained flaked u00be panko bread crumb u00bd diced onion u2153 mayonnaise 1 large egg beaten u00bd lemon juiced 1 dried dill weed 1 seafood seasoning old bay salt freshly black pepper taste avocado oil nonstick cooking spray,combine salmon panko onion mayonnaise beaten egg lemon juice dill seafood seasoning salt pepper large bowl mix combine shape 6 equalsized croquette preheat air fryer 400 degree f 200 degree c line air fryer basket parchment paper spray avocado oil working batch needed place salmon croquette prepared basket spray top avocado oil cook preheated air fryer croquette golden brown 8 10 minute flip croquette spray avocado oil cook 4 7 minute,10,4
air fryer english muffin tuna melt,air fryer recipe,air fryer main dish recipe,air fryer english muffin tuna melt make quick delicious meal begin toasting english muffin air fryer top quick tuna salad finish melting cheese air fryer,2 english muffin 2 5ounce can tuna 3 mayonnaise 1 mustard 3 celery 1 onion salt freshly black pepper taste 4 slice provolone cheese 4 slice cheddar cheese,preheat air fryer 325 degree f 165 degree c place sliced english muffin air fryer toast lightly browned 2 4 minute remove set aside combine tuna mayonnaise mustard celery onion salt pepper bowl mix combined divide tuna mixture 4 equal part top muffin half tuna top 1 slice provolone cheese 1 slice cheddar cheese air fry cheese melted 5 8 minute,9,2
air fryer lamb chop,air fryer recipe,air fryer main dish recipe,air fryer lamb chop marinate fresh herb cook perfection air fryer 10 minute roasted potato green salad make excellent side dish,12 extra virgin olive oil 1 lemon zested juiced 1 kosher salt 12 black pepper 2 clove garlic 1 fresh oregano 1 fresh mint 2 fresh rosemary 3 fresh parsley 4 12inchthick lamb loin chop,combine olive oil lemon zest juice salt pepper garlic oregano mint rosemary parsley large resealable plastic bag gently squeeze content inside bag mix add lamb chop squeeze much air possible reseal bag marinate refrigerator least 2 hour 4 hour turn bag hour marinate side chop ready cook preheat air fryer 400 degree f 200 degree c according manufacturer instruction add lamb chop air fryer single layer air fry 3 12 minute turn chop continue air fry additional 3 minute test doneness instant read thermometer 120 degree f 49 degree c rare 130 degree f 54 degree c medium 145 degree f 63 degree c medium well add time 1minute increment achieve desired doneness tent foil allow rest 5 10 minute serving,10,6
air fryer pesto chicken quinoa bowl,air fryer recipe,air fryer main dish recipe,air fryer pesto chicken quinoa bowl hearty dinner air fried seasoned chicken zucchini spear atop fluffy wholegrain quinoa fresh tomato crumbled feta,2 pesto 14 garlic powder 1 pound boneless chicken breast 2 olive oil 18 crushed red pepper flake 18 salt 18 black pepper 1 zucchini nonstick cooking spray 2 cooked quinoa see note 10 basil leaf 1 grape tomato 14 feta cheese,mix together pesto garlic powder bowl add chicken bowl stir evenly coated separate bowl mix together olive oil pepper flake salt black pepper add zucchini bowl stir evenly coated preheat air fryer 400 degree f 200 degree c lightly spray air fryer nonstick spray place chicken one side place seasoned zucchini side fry preheated air fryer instantread thermometer inserted center chicken read 165 degree f 74 degree c 10 minute mix cooked quinoa basil leaf together bowl place 1 quinoa u00bd tomato half chicken breast half zucchini spear top bowl half feta cheese serve,13,7
air fryer honey mustard salmon,air fryer recipe,air fryer main dish recipe,air fryer honey mustard salmon quick enough make weeknight sweetsharp honey mustard perfect flavor match succulent salmon preparing air fryer next best thing grilling half trouble,1 pound salmon filet 2 dijon mustard 1 honey 12 salt 14 black pepper,gather ingredient preheat air fryer 400 degree f 200 degree c stir dijon honey together small bowl brush salmon season salt pepper place salmon single layer air fryer basket air fry salmon preheated air fryer fish flake easily fork 7 9 minute depending thickness sauce melt butter small saucepan medium heat remove heat pour whiskey return saucepan heat allow flame burn alcohol stir cream dijon honey bring gentle boil cook sauce thickens slightly 1 2 minute season salt pepper transfer salmon plate garnish sauce fresh thyme,5,6
easy air fryer chicken breast,air fryer recipe,air fryer main dish recipe,air fryer chicken breast quick simple make always come perfectly moist juicy recipe easy scale people,1 8 ounce chicken breast 2 olive oil 14 garlic powder taste salt freshly black pepper taste,gather ingredient preheat air fryer 360 degree f 182 degree c brush side chicken breast olive oil season garlic powder salt pepper one side place chicken breast seasonedside air fryer basket sprinkle side garlic powder salt pepper cook preheated air fryer 9 minute flip chicken continue cooking longer pink center juice run clear 9 minute instantread thermometer inserted center read least 165 degree f 74 degree c transfer chicken breast plate loosely cover aluminum foil let rest 5 minute serving,4,4
air fryer lemon garlic parmesan chicken,air fryer recipe,air fryer main dish recipe,simple lemon garlic parmesan chicken thigh cooked air fryer seasoned lemon zest garlic oregano coated parmesan cheese come juicy tender,1 12 pound skinless boneless chicken thigh 3 clove garlic 1 lemon zest 1 paprika 1 dried oregano 12 salt 14 crushed red pepper 12 grated parmesan cheese 14 panko bread crumb cooking spray,gather ingredient preheat air fryer 400 degree f 200 degree c place chicken large bowl add garlic lemon zest paprika oregano salt crushed red pepper toss coat chicken seasoning combine parmesan cheese panko shallow dish dredge chicken parmesan mixture coat sprinkle remaining mixture chicken pat adhere coat chicken generously cooking spray lightly coat air fryer basket cooking spray place chicken prepared basket cook batch needed air fry 12 minute instantread thermometer inserted center read 170 degree f 77 degree c serve immediately,10,7
lemon garlic butter chicken spiedini,air fryer recipe,air fryer main dish recipe,lemon garlic butter chicken spiedini airfried crispy golden breaded chicken skewer light lemon garlic butter drizzle,12 extravirgin olive oil 14 white wine pinot grigio 3 lemon juice 1 lemon zest 4 clove garlic 14 crushed red pepper flake 14 oregano 2 kosher salt 1 pepper 2 pound skinless boneless chicken thigh 23 italian breadcrumb 23 panko 12 grated parmesan cheese 12 garlic powder skewer cooking spray 4 butter 2 fresh parsley,whisk together olive oil wine 2 lemon juice lemon zest 12 garlic crushed red pepper oregano 1 salt 12 pepper bowl add chicken toss coat cover refrigerate 30 minute 1 hour stir together remaining salt pepper bread crumb panko parmesan cheese garlic powder shallow dish remove chicken marinade toss coat breadcrumb mixture pressing adhere necessary thread chicken onto skewer coat olive oil cooking spray preheat air fryer 390 degree f 198 degree c air fry chicken longer pink center juice run clear lightly golden brown crisp 12 minute instant read thermometer inserted near center read 165 degree f 74 degree c meanwhile melt butter remaining garlic microwavesafe dish high microwave 10 second stir remaining lemon juice parsley drizzle butter mixture chicken serving,18,4
air fryer grilled pimento cheese,air fryer recipe,air fryer main dish recipe,pimento cheese southern classic also component legendary sandwich annual master golf tournament updated twist combine juicy tomato crusty bread air fry toasty perfection youll ultimate sandwich,4 slice french bread 2 mayonnaise 12 pimento cheese spread 1 tomato 18 dried basil salt freshly black pepper,preheat air fryer 370 degree f 188 degree c spread one side bread slice lightly mayonnaise lay 2 slice bread mayonnaise side evenly spread pimento cheese top tomato slice sprinkle basil season salt pepper top remaining 2 bread slice mayonnaise side move sandwich air fryer basket place toothpick center sandwich air fry bread fully toasted golden brown 8 10 minute flipping halfway remove toothpick sandwich slice half serve,6,4
air fryer chicken parmesan,air fryer recipe,air fryer main dish recipe,use air fryer make quick easy chicken parmesan recipe resulting crispy golden brown chicken lot cheesiness sauce perfect busy weeknight dont want fuss deepfrying,2 28ounce boneless skinless chicken breast patted dry 34 kosher salt divided 12 black pepper divided 13 purpose flour 2 large egg lightly beaten 1 12 seasoned panko japanesestyle breadcrumb 14 armesan cheese plus garnish 2 olive oil 14 crushed red pepper 14 garlic powder 1 marinara sauce plus serving 1 mozzarella cheese,gather ingredient cutting board butterfly chicken cutting breast half widthwise create 4 thin piece chicken season side 12teaspoon salt 14 black pepper place flour egg panko 3 separate shallow dish add parmesan oil crushed red pepper garlic powder panko stir coat add remaining 14 salt remaining 14 black pepper flour stir combine working 1 chicken piece time dredge chicken flour shake excess dip egg let excess drip dredge panko mixture coat place plate preheat 6quart air fryer 400 degree f 200 degree c 2 minute working two batch add 2 chicken cutlet air fryer basket single layer cook chicken golden brown side 5 minute per side top chicken piece 14 marinara 14 mozzarella cheese snugly fit 4 breast single layer air fryer basket cook 400 degree f 200 degree c cheese melted browned thermometer inserted thickest portion chicken register 165 degree f 73 degree c 2 3 minute,12,6
air fryer po boy,air fryer recipe,air fryer main dish recipe,deliciously crispy fried shrimp cooked air fryer piled onto toasted roll flavorful coleslaw make lighter version classic po boy sandwich love,u00bc lemon juice 3 olive oil 2 clove garlic 1 fresh tarragon 2 dijon mustard u00bd kosher salt divided 1 14 ounce package coleslaw mix u00be buttermilk 2 hot pepper sauce 1 cayenne pepper 1 dried chipotle pepper u00bd black pepper 1 u00bd pound large shrimp peeled deveined tail removed 2 whole wheat panko bread crumb 6 6 inch wholewheat hoagie roll split toasted,make coleslaw whisk lemon juice oil garlic tarragon mustard 14 kosher salt together bowl add coleslaw mix toss coat set aside whisk buttermilk hot sauce cayenne chipotle pepper black pepper remaining salt together another bowl add shrimp buttermilk mixture tossing coat let marinate minute meanwhile preheat air fryer 400 degree f 200 degree c according manufacturer instruction add 23 panko shallow dish remove shrimp buttermilk mixture letting excess drip working 3 batch dredge 13 shrimp 23 panko turning evenly coat transfer baking sheet repeat remaining shrimp panko working batch necessary arrange shrimp single layer fryer basket cook turning shrimp golden brown cooked 8 minute serve put coleslaw roll top shrimp,15,6
air fryer chicken quesadilla,air fryer recipe,air fryer main dish recipe,air fryer chicken quesadilla easy makeusing cooked chicken melty cheese folded tortilla air frying theyre even easier quesadilla usually recipe developed 53quart basketstyle air fryer different expect different cook time top guacamole sour cream pico de gallo cilantro sprig combination like,2 cooked chicken 1 chili powder 1 cumin 14 cayenne pepper 8 8 inch flour tortilla 2 grated cheese see note 16 wooden toothpick olive oil cooking spray,preheat air fryer 360 degree f 180 degree c according manufacturer guideline toss chicken chili powder cumin cayenne bowl place tortilla work surface cover half tortilla 2 grated cheese top 2 chicken mixture top 2 additional grated cheese fold tortilla half use wooden pick hold tortilla half together spray side filled tortilla olive oil spray air fry quesadilla single layer tortilla lightly browned cheese melted 4 minute per side may cook batch serve warm favorite topping,8,4
air fryer naked chicken tender,air fryer recipe,air fryer main dish recipe,spice coated chicken tender cooked air fryer quick easy weeknight dinner enjoy dipping sauce bang bang sauce one favorite,1 cumin 1 coriander 1 12 black pepper taste 1 garlic powder 1 salt taste 1 pound chicken tenderloin 2 olive oil 1 fresh parsley 4 wedge lemon optional,preheat air fryer 390 degree f 199 degree c according manufacturer direction add cumin coriander pepper garlic powder salt small bowl stir well combined pat tender dry paper towel drizzle tender olive oil rub side pressing spice mixture well coated oil spice place tender single layer air fryer basket cook 6 8 minute flipping halfway using meat thermometer check doneness internal temperature reach 165 degree f 74 degree c thickest part depending brand size air fryer may cook batch timing may vary remove air fryer garnish parsley serve wedge lemon,9,4
air fryer ham cheese wrap,air fryer recipe,air fryer main dish recipe,air fryer ham cheese wrap couldnt get easier 5 ingredient think ham melty cheese nestled warm toasty tortilla two u air fryer basket small wrote 2 serving recipe easily doubled large air fryer want work batch,4 7inch flour tortilla 14 spicy mustard 8 thin slice deli ham 4 slice olbyjack cheese 2 butter,place tortilla clean work surface spread 1 mustard thin even layer tortilla leaving 12inch edge free mustard place 2 slice ham tortilla top tortilla 1 slice cheese fold opposing edge tortilla overlap filling roll 1 opposing edge around filling creating burrito preheat air fryer 400 degree f 200 degree c according manufacturer instruction brush top wrap melted butter place wrap basket air fryer cook 6 minute using tongs transfer wrap cutting board cut half serve immediately,5,5
air fryer new york strip steak,air fryer recipe,air fryer main dish recipe,new york strip steak quite good done air fryer 10 minute active cooking time everybody special touch come steak ill invite use seasoning prefer method important truly quite simple wonderful steak without standing grill heat firing broiler inside,new york strip steak 1 14inch thick 12 seasoned salt taste 12 ntreal steak seasoning seasoning choice cooking spray 1 orcestershire sauce taste optional,30 minute cooking remove steak refrigerator allow come room temperature pat steak dry paper towel sprinkle seasoning salt montreal steak seasoning side preheat air fryer 400 degree f 200 degree c according manufacturer instruction air fryer fully preheated spray side steak olive oil cooking spray place steak air fryer cook 10 minute medium rare turning halfway check temperature meat removing air fryer mediumrare instantread thermometer inserted center read 130 degree f 54 degree c tent foil 10 minute serve warm,5,5
air fryer crispy beef broccoli,air fryer recipe,air fryer main dish recipe,use air fryer crispy beef broccoli recipe table 30 minute serve rice garnished sesame seed,1 lb sirloin steak cut 1inch piece 3 broccoli floret 1 red bell pepper 4 green onion sliced white green part separated 1 vegetable oil cooking spray 13 soy sauce 3 rice vinegar 2 honey 1 fresh ginger 3 clove garlic 1 toasted sesame oil 14 crushed red pepper 1 cornstarch 2 cooked white rice toasted sesame seed garnish,preheat air fryer 400 degree f 200 degree c toss together beef broccoli bell pepper white part green onion vegetable oil large bowl coat air fryer basket cooking spray arrange meat mixture basket cook 5 minute stir keep cooking meat reached desired doneness eg 145 degree f 62 degree c medium 6 8 minute remove meat mixture let stand 5 minute meanwhile sauce stir together soy sauce vinegar honey ginger garlic sesame oil crushed red pepper small saucepan bring boil reduce heat simmer uncovered liquid reduced 12 10 minute whisk together cornstarch 1 water small bowl stir sauce cook stirring constantly thickened 1 minute toss beef vegetable sauce serving dish top remaining green onion serve rice garnish sesame seed,16,5
air fryer pecan crusted trout,air fryer recipe,air fryer main dish recipe,pecan crusted trout cooked air fryer quick easy dinner table 20 minute serve vegetable rice,23 pecan 1 dried rosemary crushed 12 salt 2 flour 1 large egg 4 4ounce rainbow trout fillet thawed frozen skinned desired 2 maple syrup lemon wedge serving,preheat air fryer 400 degree f 200 degree c stir pecan rosemary salt together shallow dish second shallow dish add flour third shallow dish lightly beat egg dip one side fillet flour shaking excess dip egg pecan mixture lightly pressing coat fish working batch needed arrange fillet parchment paper pecancoating transfer fish parchment air fryer basket cook fish easily flake fork instantread thermometer inserted thickest part fillet register 145 degree f 62 degree c 7 8 minute drizzle fillet maple syrup serve lemon wedge,8,5
air fryer everythingbagel salmon dinner,air fryer recipe,air fryer main dish recipe,salmon fillet flavored everything bagel seasoning cooked air fyer sweet potato broccoli perfectly balanced meal 2 weekday,cooking spray 1 sweet potato cut 14inch wedge 3 olive oil divided 14 salt divided 14 black pepper divided 1 ijon mustard 1 honey 2 mayonnaise 2 broccoli floret 2 ounce salmon fillet 2 everything bagel seasoning 1 soy sauce,preheat air fryer 400 degree f 200 degree c coat sheet foil cooking spray toss sweet potato 1 12 oil 18 salt pepper bowl arrange sweet potato even layer foil transfer air fryer basket cook mostly tender 10 minute meanwhile stir together mustard honey mayonnaise small bowl another bowl toss broccoli remaining 1 12 oil 18 salt pepper push sweet potato one side basket add salmon side spoon 1 mustard mixture onto fillet spread coat top fillet sprinkle evenly bagel seasoning arrange broccoli around sweet potato salmon cook salmon opaque flake easily fork sweet potato broccoli tender 10 14 minute stir soy sauce remaining mustard mixture drizzle sweet potato broccoli serve,12,5
air fryer chicken strip,air fryer recipe,air fryer main dish recipe,use air fryer chicken tender change life forever always leave smiling wanting cheer recipe made glutenfree couple simple substitution,2 pound boneless chicken breast,slice chicken breast 1inch strip lengthwise place shallow pan whisk pickle juice milk liquid smoke together pour chicken place chicken refrigerator marinate 30 minute meanwhile whisk egg ranch dressing together shallow bowl place 1 flour separate shallow bowl whisk remaining 1 flour breadcrumb paprika white pepper garlic salt confectioner sugar thyme basil oregano celery salt black pepper dry mustard ginger chili powder salt together third shallow bowl preheat air fryer 350 degree f 175 degree c drain chicken strip thoroughly dry paper towel dredge chicken strip flour dip strip egg mixture letting excess drip back bowl drop chicken strip 1 time breadcrumb mixture coat thoroughly lay strip single layer without touching air fryer basket may work batch thoroughly spray coconut oil air fry 6 minute turn chicken spray coconut oil continue air fry juice run clear chicken longer pink center 6 minute instant read thermometer inserted near center read least 165 degree f 74 degree c repeat remaining chicken piece,1,8
air fryer italian sausage,air fryer recipe,air fryer main dish recipe,method cooking italian sausage air fryer much howto recipe cook 4 sausage time temperature like top mine giardiniera,2 hot dog bun 2 italian sausage link,preheat air fryer 400 degree f 200 degree c place bun fryer basket cook 2 minute transfer plate place sausage link fryer basket cook 6 minute using tongs flip link cook browned 4 minute instantread thermometer inserted center read 160 degree f 70 degree c transfer bun,2,3
air fryer brat,air fryer recipe,air fryer main dish recipe,forget weather cooking outside air fryer brat there reason fire grill get crispy brat juicy tender perfect texture air fryer like hoagie bun german mustard sauerkraut,cooking spray 4 uncooked bratwurst 4 sausage bun,preheat air fryer 380 degree f 193 degree c spray fryer basket cooking spray use air fryer disposable parchment liner place brat air fryer basket sure overcrowd leaving room around cook browned flipping halfway cooking time 12 15 minute instantread thermometer inserted near center read least 160 degree f 70 degree c,3,2
air fryer waffle egg hole,air fryer recipe,air fryer main dish recipe,classic egg hole made inside waffle sweet buttery flavor added crunch,1 frozen waffle 1 large large salt pepper taste 2 cheese maple syrup taste,preheat air fryer 350 degree f 175 degree c cut hole center frozen waffle using rim glass 2 3 inch diameter move waffle square parchment paper carefully place parchment paper preheated air fryer along small center waffle crack egg directly center waffle hole season salt pepper taste close lid cook white egg started set 5 6 minute remove small center waffle air fryer sprinkle cheese onto egg waffle cook cheese melted egg white completely set 1 2 minute transfer egg waffle onto plate drizzle maple syrup serve immediately,5,5
air fryer pork tenderloin,air fryer recipe,air fryer main dish recipe,use air fryer cook pork tenderloin much faster oven,1 chili powder 2 kosher salt 1 12 smoked paprika 1 garlic powder 1 onion powder 1 dried oregano 14 black pepper 14 crushed red pepper 1 1 12 lb pork tenderloin trimmed 1 olive oil cooking spray 1 honey,stir together chili powder salt smoked paprika garlic powder onion powder dried oregano black pepper crushed red pepper small bowl evenly combined place pork cutting board coat olive oil rub spice mix entire tenderloin evenly coated lightly coat air fryer basket cooking spray place tenderloin basket diagonal angle tenderloin lay flat straight basket cook 400 degree f 200 degree c 5 minute reduce temperature 325 degree f 165 degree c continue cook instantread thermometer inserted center read least 140 degree f 60 degree c 12 15 minute remove basket let stand internal temperature reach 145 degree f 63 degree c 5 minute cut 34inch slice place serving platter drizzle honey serve immediately,12,6
tiktoks air fryer shrimp,air fryer recipe,air fryer main dish recipe,seven minute air fryer take get craveworthy air fryer shrimp popularized tiktok,12 ounce large shrimp peeled deveined 2 extravirgin olive oil u00bc smoked paprika 2 unsalted butter melted 2 cajun seasoning,preheat air fryer 375u00b0f pat shrimp clean paper towel dry toss olive oil paprika medium bowl lightly brush air fryer basket oil add half shrimp spreading even layer cook 7 minute repeat remaining half combine butter seasoning large bowl add shrimp toss coat,5,3
tiktoks air fryer garlic butter steak bite,air fryer recipe,air fryer main dish recipe,think steak couldnt get better use air fryer,1 1 pound sirloin cut 1 inch cube 1 canola oil u00bc kosher salt u215b black pepper u00bc unsalted butter melted 2 worcestershire sauce 1 garlic powder 2 fresh chive,preheat air fryer 400u00b0f 5 minute toss steak oil salt pepper medium bowl lightly brush air fryer basket oil add steak spreading even layer cook 7 minute combine butter worcestershire sauce garlic powder large bowl add steak toss coat serve chive,8,4
tiktoks air fryer pizza,air fryer recipe,air fryer main dish recipe,10minute recipe thats perfect lunch dinner anything,2 flour tortilla 6 inch 1 extravirgin olive oil 2 pizza sauce divided u00bd mozzarella cheese divided u00bc sliced pepperoni u215b dried oregano,preheat air fryer 400u00b0f brush one side tortilla lightly olive oil sure get way edge spread 1 sauce middle one tortilla top u00bc cheese cover second tortilla repeat remaining sauce cheese top pepperoni oregano lightly brush air fryer basket remaining olive oil transfer pizza air fryer basket cook 6 minute carefully remove pizza spatula let cool slightly slicing,6,5
easy air fryer whole chicken,air fryer recipe,air fryer main dish recipe,using air fryer cook whole chicken way go youll end super crispy skin side even white meat stay tender juicy dont skip resting step allows juice absorb back meat,2 olive oil 2 u00bd italian seasoning 2 u00bd poultry seasoning 2 paprika 2 salt 1 5 pound whole chicken giblet removed,gather ingredient preheat air fryer 360 degree f 180 degree c according manufacturer instruction whisk olive oil italian seasoning poultry seasoning paprika salt together small bowl pat chicken dry using paper towel brush spice mixture entire chicken including underneath wing place chicken basket air fryer breast side cook undisturbed 45 minute carefully flip chicken using tongs cook instantread thermometer read 165 degree f 74 degree c 20 minute remove chicken cutting board let rest 10 minute,6,5
quick air fryer tilapia,air fryer recipe,air fryer main dish recipe,tilapia mild delicate flavored fish budget friendly take seasoning well perfect busy weeknight handful ingredient cook 7 minute,olive oil cooking spray 2 flour 1 u00bd seafood seasoning old bayu00ae u00be paprika u00bd garlic powder salt freshly black pepper taste 1 pound tilapia fillet thawed frozen 4 lemon slice,preheat air fryer 400 degree f 200 degree c spray air fryer basket olive oil spray line parchment liner whisk flour seafood seasoning paprika garlic powder salt pepper together small bowl remove tilapia filet package pat dry paper towel lightly spray filet olive oil sprinkle flour seasoning filet pressing coat fish turn season side well place filet air fryer basket without overlapping air circulate around filet cook tilapia filet flake easily fork 7 10 minute need flip depending air fryer size might cook batch top filet slice lemon serve hot,8,5
air fryer tilapia,air fryer recipe,air fryer main dish recipe,tilapia cooked air fryer ready minute crusted parmesan cheese come wonderfully moist flavorful serve rice pilaf roasted veggie,u00bd freshly grated parmesan cheese 1 u00bd paprika 1 garlic powder u00bd salt u00bd freshly black pepper 4 6 ounce tilapia fillet thawed frozen cooking spray 1 fresh parsley optional 4 lemon wedge optional,preheat air fryer 400 degree f 200 degree c combine parmesan cheese paprika garlic powder salt pepper bowl pat tilapia filet dry paper towel spritz side cooking spray press side filet parmesan mixture shake excess spray cooking spray place basket air fryer cook fish flake easily fork 6 8 minute may need cook fish 2 batch depending size air fryer sprinkle parsley serve lemon wedge,9,5
air fryer pork tenderloin sweet potato,air fryer recipe,air fryer main dish recipe,pork tenderloin sweet potato make great main dish family add green vegetable salad menu complete,u00bc olive oil plus greasing u00bd pineapple preserve u00bd granulated garlic u00bd cayenne pepper 1 salt taste u00bd freshly white pepper taste 1 u00bd pound sweet potato cut 1inch piece 2 u00bd pound pork tenderloin,preheat air fryer 390 degree f 200 degree c recommended manufacturer combine olive oil pineapple preserve garlic granule cayenne salt white pepper large mixing bowl stir combine place sweet potato piece mixing bowl toss pineapple preserve mixture remove sweet potato plate reserving remaining pineapple mixture pat tenderloin dry paper towel place mixing bowl remaining pineapple mixture toss coat brush interior basket air fryer remaining olive oil place tenderloin basket single layer add many sweet potato piece fit around tenderloin set aside extra sweet potato piece cook second batch air fry 10 minute turn tenderloin browned side stir sweet potato keep single layer air fry pork loin slightly pink center 10 minute longer instantread thermometer inserted center read least 145 degree f 63 degree c tenderloin need cooking time turn continue cooking testing temperature 5 minute increment remove sweet potato air fryer tender caramelized see cook note tenderloin test done place platter tent foil allow rest remaining sweet potato cook 10 minute,8,8
air fryer frozen chicken strip,air fryer recipe,air fryer main dish recipe,classic finger food enjoy dipping sauce comeback sauce site sliced theyre also tasty salad topper air fryer great job cooking frozen food need thaw perfect weeknight meal table 12 minute,25 ounce frozen cooked breaded crispy chicken strip tysonu00ae,set air fryer temperature 380 degree f 180 degree c place frozen chicken strip air fryer basket without touching overcrowding cook crispy 11 12 minute color change much may cook batch depending size air fryer cooking time may vary depending brand size air fryer remove air fryer serve immediately,1,4
air fryer pizza,air fryer recipe,air fryer main dish recipe,enjoy pizza way thats magic making personal pan pizza recipe make two airfried pizza easy make customize sky limit choice topping,olive oil cooking spray 1 138 ounce package refrigerated pizza dough pillsburyu00ae 6 pizza sauce divided 10 ounce mozzarella cheese divided 14 slice pepperoni divided u00bd onion slice divided optional sprinkle dried basil red pepper flake optional,preheat air fryer 5 minute 380 degree f 190 degree c spray air fryer basket olive oil spray line parchment liner avoid sticking remove crust cut half shape piece dough circle crimping edge form crust make sure itll fit air fryer basket carefully transfer one pizza crust air fryer basket spray lightly olive oil spray prick dough fork precook 3 minute spread 3 pizza sauce onto crust air fryer basket sprinkle 12 mozzarella cheese top 7 pepperoni slice half onion slice sprinkle basil red pepper flake using cook crust golden brown crispy cheese melted 7 9 minute keep mind cooking time may vary depending brand size air fryer check frequently sure nothing overcooks burn repeat procedure second pizza crust serve hot,7,4
air fryer pretzelcrusted chicken tender,air fryer recipe,air fryer main dish recipe,crunchy chicken tender versatile serve appetizer dip main dish also cut bitesized piece top salad,3 flour u00bc turmeric u00bc freshly black pepper u00bc mustard powder 3 u00bd ounce salted pretzel crushed 1 large egg beaten 1 u00bd pound chicken tenderloin olive oil cooking spray,preheat air fryer 400 degree f 200 degree c recommended manufacturer combine flour turmeric black pepper mustard powder large resealable plastic bag seal bag shake dry ingredient well mixed spread crushed pretzel plate line second plate parchment paper pat chicken tender dry paper towel add bag seasoned flour reseal bag toss tender lightly coated keeping nondominant hand dry dip tender egg shake excess set crushed pretzel using dry hand toss pretzel onto top lightly press crushed pretzel tender place pretzelcoated tender parchmentlined plate spray side olive oil cooking spray add chicken tender preheated air fryer single layer air fry 5 6 minute using tongs carefully turn tender air fry chicken longer pink bone juice run clear 5 6 minute instantread thermometer inserted near bone read 165 degree f 74 degree c serve immediately,8,7
air fryer meatball,air fryer recipe,air fryer main dish recipe,trying air fryer meatball never bake oven inside stay nice tender outside get slight crisp best part make ahead time freeze later use dip meatball marinara desired,16 ounce lean beef 4 ounce pork u00bd grated parmesan cheese u2153 italian seasoned bread crumb 1 large egg 2 clove garlic 1 italian seasoning u00bd salt,preheat air fryer 350 degree f 175 degree c combine beef pork parmesan cheese bread crumb egg garlic italian seasoning salt large bowl mix evenly combined form 16 equal meatball small ice cream scoop helpful place baking sheet place 12 meatball basket air fryer cook 8 minute shake basket cook 2 minute transfer serving plate let rest 5 minute repeat remaining meatball serve warm enjoy,8,5
air fryer chicken leg,air fryer recipe,air fryer main dish recipe,air fryer chicken leg seasoned paprika garlic cook 20 air fryer crispy outside juicy inside perfect quick easy fussfree weeknight favorite,12 garlic powder 12 paprika 12 salt 12 freshly black pepper 4 skinon chicken drumstick,preheat air fryer 400 degree f 200 degree c according manufacturer instruction combine garlic powder paprika salt pepper small bowl place drumstick clean work surface sprinkle spice mix evenly side drumstick place drumstick basket air fryer cook 10 minute using tongs flip chicken cook 10 minute rest 5 minute serving instantread thermometer inserted near bone read 165 degree f 74 degree c,5,3
crispy caesar chicken cutlet,air fryer recipe,air fryer main dish recipe,much better salad opinion,1 seasoned crouton 12 seasoned breadcrumb 12 parmesan cheese 2 lemon pepper seasoning 2 dried oregano 1 mustard 34 garlic powder 12 onion powder 14 cayenne pepper 1 caesar dressing 1 whole milk cooking spray 6 4ounce chicken breast cutlet,gather ingredient process crouton food processor finely crumbled 8 pulse prepare dredging station stir together crouton breadcrumb parmesan cheese lemon pepper oregano mustard garlic powder onion powder cayenne shallow bowl whisk together caesar dressing milk smooth separate shallow bowl set aside preheat air fryer 390 degree f 2 minute 200 degree c lightly coat air fryer basket cooking spray working 1 cutlet time fully submerge cutlet dressing mixture shaking excess dredge cutlet crouton mixture pressing firmly evenly coated side place plate even layer working batch add 2 cutlet basket one even layer cook golden brown cooked 10 12 minute flipping halfway transfer serving platter repeat remaining cutlet serve additional parmesan cheese dressing,13,7
air fryer chicken nugget,air fryer recipe,air fryer main dish recipe,homemade chicken nugget made air fryer come perfectly crunchy outside tender juicy inside 15 minute,1 buttermilk 2 pound chicken tenderloin cut nugget size 1 flour 3 grated parmesan cheese 1 paprika 1 parsley flake 1 salt 1 black pepper 2 large egg 2 panko bread crumb cooking spray,gather ingredient mix buttermilk chicken large bowl set aside soak prepare seasoned flour combine flour parmesan cheese paprika parsley salt pepper large bowl beat egg separate bowl pour panko bread crumb onto flat plate dredge chicken nugget first flour beaten egg finally coat bread crumb preheat air fryer 400 degree f 200 degree c spray basket cooking spray place many nugget basket without overcrowding lightly mist top nugget cooking spray cook 10 minute flip chicken nugget cook additional 2 minute remove repeat remaining nugget enjoy,11,7
air fryer honeymustard chicken thigh,air fryer recipe,air fryer main dish recipe,air fryer honeymustard chicken thigh prove simple chicken recipe dont boring jazz chicken thigh tasty smoky honeymustard sauce like served mixed vegetable caesar salad quick easy dinner,4 boneless skinless chicken thigh 12 onion powder 12 garlic powder 12 smoked paprika 14 salt taste 14 black pepper taste 2 honey 2 ijon mustard olive oil cooking spray,preheat air fryer 390 degree f 198 degree c recommended manufacturer pat chicken thigh dry paper towel sauce combine onion powder garlic powder smoked paprika salt pepper small bowl stir honey dijon mustard spray one side chicken thigh olive oil spray place oiled side air fryer single layer brush top chicken thigh sauce air fry 390 degree f 198 degree c 8 minute carefully turn chicken thigh brush remaining sauce continue air frying internal temperature chicken reach 165 degree f 74 degree c tested instantread thermometer 6 8 minute serve warm,9,5
air fryer chicken thigh,air fryer recipe,air fryer main dish recipe,air fryer chicken thigh tender juicy delicious crispy skin youll love quick easy chicken thigh recipe ready less 30 minute thanks trusty air fryer,4 skinon boneless chicken thigh 2 extravirgin olive oil 1 smoked paprika u00be garlic powder u00bd salt u00bd black pepper,gather ingredient preheat air fryer 400 degree f 200 degree c pat chicken thigh dry paper towel brush skin olive oil place chicken thigh skinside single layer plate combine smoked paprika garlic powder salt pepper bowl sprinkle 12 seasoning mixture evenly thigh turn thigh evenly sprinkle remaining seasoning arrange thigh skinside single layer air fryer basket cook preheated air fryer thigh brown juice run clear 18 minute instantread thermometer inserted center read least 165 degree f 74 degree c serve enjoy,6,5
air fryer meatloaf,air fryer recipe,air fryer main dish recipe,juicy air fryer meatloaf tangy glaze easy make fraction time compared cooking meatloaf oven serve mashed potato comforting meal,14 bread crumb 14 whole milk 1 pound round 8515 12 finely yellow onion 1 large egg lightly beaten 2 fresh thyme plus garnish 1 kosher salt 14 black pepper,gather ingredient preheat air fryer 350 degree f 175 degree c make meatloaf stir breadcrumb milk together medium bowl let sit 5 minute add beef onion egg thyme salt pepper stir combine evenly without overmixing meanwhile form beef mixture 2 3 x 4 12inch rectangle make glaze stir ketchup vinegar brown sugar worcestershire sauce together small bowl set aside spray air fryer basket generously cooking spray line parchment paper easier clean add meatloaf basket spray generously cooking spray roast preheated air fryer nicely browned 20 25 minute brushing evenly ketchup mixture 18 minute cooking instantread thermometer inserted center read least 155 degree f 68 degree c remove meatloaf basket let rest 5 minute garnish thyme leaf serve enjoy,8,6
easy air fryer pork chop,air fryer recipe,air fryer main dish recipe,boneless pork chop cooked perfection air fryer recipe easy couldnt ask tender juicy chop,u00bd grated parmesan cheese 1 paprika 1 garlic powder 1 kosher salt 1 dried parsley u00bd black pepper 4 5ounce boneless pork chop 2 extra virgin olive oil,gather ingredient preheat air fryer 380 degree f 190 degree c combine parmesan cheese paprika garlic powder salt parsley pepper flat shallow dish mix well coat pork chop olive oil dredge side chop parmesan mixture set plate place 2 chop basket air fryer cook 10 minute flipping halfway cook time transfer cutting board let rest 5 minute repeat remaining chop served hot enjoy,8,5
air fryer turkey breast,air fryer recipe,air fryer main dish recipe,juicy air fryer turkey breast flavor roast turkey much less time much less fuss dont want time hassle whole bird thanksgiving try turkey breast cooked perfection air fryer,1 finely fresh rosemary 1 finely fresh chive 1 finely fresh garlic u00bd salt taste u00bc black pepper taste 2 cold unsalted butter 2 u00be pound skinon bonein split turkey breast,preheat air fryer 350 degree f 175 degree c place rosemary chive garlic salt pepper onto cutting board cut butter thin slice top herb seasoning mash well blended pat turkey breast dry rub herbed butter side skin place turkey air fryer basket skinside air fry 20 minute turn turkey skinside carefully continue frying instantread thermometer inserted near bone read 165 degree f 74 degree c 18 minute transfer platter tent aluminum foil allow rest 10 minute slice serve warm,7,5
air fryer baked potato,air fryer recipe,air fryer main dish recipe,baked potato air fryer come beautifully crusty outside light fluffy inside great baked potato serve favorite topping like sour cream butter chive,2 large russet potato scrubbed 1 peanut oil u00bd coarse sea salt,gather ingredient preheat air fryer 400 degree f 200 degree c brush potato peanut oil sprinkle salt place air fryer basket cook potato tender pierced fork 1 hour serve enjoy,3,3
air fryer sausage patty,air fryer recipe,air fryer main dish recipe,air fryer sausage patty nicely browned best part avoid grease splatter stovetop,1 12 ounce package sausage patty johnsonvilleu00ae 1 serving nonstick cooking spray,grab ingredient preheat air fryer 400 degree f 200 degree c lightly grease inside air fryer basket nonstick spray arrange sausage patty single layer air fryer basket cook preheated air fryer 5 minute flip patty cook 3 minute instantread thermometer inserted center patty read least 160 degree f 70 degree c serve hot enjoy,2,4
air fryer tilapia fresh lemon pepper,air fryer recipe,air fryer main dish recipe,cook tilapia air fryer fresh lemon pepper kick flavor although fish low carb light wont sacrificing flavor,4 6 ounce tilapia fillet 2 lemon zest 2 olive oil 2 clove garlic 1 u00bd coarsely black peppercorn u00bd salt 1 pinch paprika taste cooking spray 1 sprig parsley taste 4 wedge lemon,preheat air fryer 400 degree f 200 degree c 3 minute meanwhile rinse tilapia fillet pat dry paper towel mix together lemon zest olive oil garlic pepper salt small bowl well combined rub top fillet sprinkle lightly paprika lightly coat air fryer basket cooking spray arrange fillet evenly basket spiceside crowd needed cook batch cook preheated air fryer fish flake easily fork 7 10 minute remove fillet plate garnish parsley serve lemon wedge,10,4
air fryer lobster tail lemongarlic butter,air fryer recipe,air fryer main dish recipe,air fry lobster tail elegant meal two home come succulent meaty delicious lemony garlic butter parsley,2 4 ounce lobster tail 4 butter 1 lemon zest 1 clove garlic grated salt black pepper taste 1 fresh parsley 2 wedge lemon,gather ingredient preheat air fryer 380 degree f 195 degree c butterfly lobster tail cutting lengthwise center hard top shell meat kitchen shear cut bottom shell spread tail half apart place tail air fryer basket lobster meat facing melt butter small saucepan medium heat add lemon zest garlic heat garlic fragrant 30 second transfer 2 butter mixture small bowl brush onto lobster tail discard remaining brushed butter avoid contamination uncooked lobster season lobster salt pepper cook preheated air fryer lobster meat opaque 5 7 minute spoon reserved butter saucepan lobster meat top parsley serve lemon wedge,7,7
air fryer chicken cordon bleu,air fryer recipe,air fryer main dish recipe,crispy air fryer chicken cordon bleu stuffed ham melty cheese serve steamed vegetable complete satisfying meal,2 boneless skinless chicken breast salt black pepper taste 1 dijon mustard 4 slice deli swiss cheese 4 slice deli ham 2 toothpick u00bc flour 1 egg beaten 1 panko bread crumb u2153 grated parmesan cheese cooking spray,gather ingredient place chicken breast flat work surface slice horizontally middle careful cut way side open 2 side spread like open book place chicken breast 2 sheet heavy plastic solid level surface lightly pound smooth side meat mallet 14inch thickness repeat remaining chicken breast season chicken breast salt pepper spread dijon mustard top place 1 slice cheese breast top 2 slice ham 1 slice cheese roll breast secure toothpick place flour shallow bowl place egg second bowl mix panko bread crumb grated parmesan third bowl preheat air fryer 350 degree f 175 degree c meanwhile dredge chicken breast flour shake excess dip beaten egg allowing excess egg drip back bowl press bread crumb mixture coat side place breaded chicken breast onto plate spray nonstick spray let sit 5 minute air fryer preheats arrange breaded chicken single layer air fryer basket cook preheated air fryer 10 minute flip chicken breast spray dry spot nonstick spray cook chicken longer pink center 8 minute instantread thermometer inserted center read least 165 degree f 74 degree c,11,6
crumbed chicken tenderloin air fried,air fryer recipe,air fryer main dish recipe,air fryer chicken tenderloin beat chicken nugget day recipe simple tend use chicken tenderloin use sliced chicken breast easier,1 large egg u00bd dry bread crumb 2 vegetable oil 8 chicken tenderloin,gather ingredient preheat air fryer 350 degree f 175 degree c whisk egg small bowl mix bread crumb oil together second bowl mixture becomes loose crumbly dip chicken tenderloin bowl egg shake residual egg dip chicken crumb mixture making sure evenly fully covered lay chicken tenderloin air fryer basket even layer airfry longer pink center 12 minute instantread thermometer inserted center read least 165 degree f 74 degree c serve hot enjoy,4,8
air fryer ribeye steak,air fryer recipe,air fryer main dish recipe,easy airfry steak air fryer definitely rival steak cooked grill marinate ribeyes morning leave work cook night,2 ribeye steak cut 1 12 inch thick u00bd reducedsodium soy sauce u00bc olive oil 4 grill seasoning montreal steak seasoningu00ae,combine steak soy sauce olive oil seasoning large resealable bag marinate meat least 2 hour remove steak bag discard marinade pat excess oil steak add 1 water bottom air fryer pan prevent smoking cooking preheat air fryer 400 degree f 200 degree c cook steak preheated air fryer 7 minute flip cook 7 minute mediumrare medium cook 8 minute per side let steak sit 5 minute serving,4,5
air fryer chicken katsu homemade katsu sauce,air fryer recipe,air fryer main dish recipe,air fryer chicken katsu crispy outside tender juicy inside sauce little bit sweet little bit tangy complement chicken perfectly serve rice desired,u00bd ketchup 2 soy sauce 1 brown sugar 1 sherry 2 worcestershire sauce 1 garlic,gather ingredient prepare sauce whisk ketchup soy sauce brown sugar sherry worcestershire sauce garlic together bowl sugar dissolved set katsu sauce aside preheat air fryer 350 degree f 175 degree c meanwhile lay chicken piece clean work surface season salt pepper place beaten egg flat dish shallow bowl pour bread crumb second flat dish dredge chicken piece egg bread crumb repeat dredging chicken egg bread crumb pressing bread crumb stick chicken place chicken piece basket preheated air fryer spray top nonstick cooking spray air fry 10 minute flip chicken piece using spatula spray top nonstick cooking spray cook 8 minute transfer chicken cutting board slice serve katsu sauce serve katsu sauce enjoy,6,7
air fryer scotch egg,air fryer recipe,air fryer main dish recipe,air fryer scotch egg easy make plus get deliciousness without mess added fat deepfrying make perfect breakfast brunch snack especially served mango chutney dipping sauce cook egg liking either hardboiled slightly soft cant go wrong,3 greek yogurt 2 mango chutney pataksu00ae 1 mayonnaise u215b salt u215b pepper u215b curry powder u215b cayenne pepper optional,make dipping sauce combine yogurt chutney mayonnaise salt pepper curry powder cayenne small bowl refrigerate ready use make scotch egg divide pork sausage 6 even portion flatten portion thin patty place 1 hardboiled egg middle patty wrap sausage around egg sealing side set aside preheat air fryer 390 degree f 200 degree c place flour small bowl beaten egg another small bowl panko plate dip sausagewrapped egg flour dip beaten egg letting excess drip roll panko place plate spray air fryer basket cooking spray arrange egg basket single layer without overcrowding cook batch necessary cook preheated air fryer 12 minute turning egg halfway repeat remaining egg serve dipping sauce,7,6
air fryer rotisserie chicken,air fryer recipe,air fryer main dish recipe,air fryer rotisserie chicken moist perfectly seasoned really easy make,1 sea salt 2 paprika 1 onion powder 1 thyme 1 white pepper u00bd black pepper u00bd cayenne pepper u00bd garlic powder 3 vegetable oil divided 1 4 pound whole fryer chicken giblet removed,preheat air fryer 350 degree f 175 degree c according manufacturer instruction mix together salt paprika onion powder thyme white pepper black pepper cayenne garlic powder small bowl rub 1 12 oil chicken 12 spice mixture cook preheated air fryer 30 minute carefully remove chicken fryer flip chicken rub remaining 1 12 oil sprinkle remaining spice mixture return chicken air fryer continue cook longer pink bone juice run clear 30 minute instantread thermometer inserted thickest part thigh near bone read 165 degree f 74 degree c remove chicken air fryer cover doubled sheet aluminum foil allow rest warm area 10 minute carving,10,6
dry rub air fryer chicken wing,air fryer recipe,air fryer main dish recipe,yummy air fryer chicken wing made sweet spicy memphisstyle dry rub,1 dark brown sugar 1 sweet paprika u00bd kosher salt taste 1 garlic powder 1 onion powder 1 poultry seasoning taste u00bd mustard powder u00bd freshly black pepper 8 chicken wing needed,preheat air fryer 350 degree f 175 degree c meanwhile whisk brown sugar paprika salt garlic powder onion powder poultry seasoning mustard powder pepper together large bowl toss chicken wing rub seasoning chicken hand fully coated arrange wing air fryer basket standing end leaning wall basket cook preheated air fryer wing cooked tender inside golden brown crisp outside 30 35 minute transfer wing plate serve hot,9,5
air fryer chicken tender,air fryer recipe,air fryer main dish recipe,homemade air fryer chicken tender crispy outside tender inside packed full flavor dip ranch favorite dipping sauce,1 flour 1 paprika 1 parsley flake 1 seasoned salt u00bd black pepper 1 large egg 1 u00bd pound chicken tenderloin cooking spray,preheat air fryer 400 degree f 200 degree c according manufacturer instruction meanwhile combine flour paprika parsley seasoned salt pepper large bowl beat egg separate bowl dredge chicken tender seasoned flour dip beaten egg back seasoned flour coat basket cooking spray place many coated chicken tender air fryer basket without overcrowding lightly mist top tender cooking spray cook preheated air fryer 8 minute flip chicken lightly mist top cooking spray continue cooking instantread thermometer inserted center chicken read 165 degree f 74 degree c 7 8 minute repeat remaining chicken tender,8,5
air fryer buttermilk fried chicken,air fryer recipe,air fryer main dish recipe,buttermilk fried chicken air fryer delicious fried chicken without fry,1 u00bd pound boneless skinless chicken thigh 2 buttermilk 1 flour 1 seasoned salt u00bd black pepper 1 panko bread crumb cooking spray,place chicken thigh shallow casserole dish pour buttermilk chicken refrigerate 4 hour overnight preheat air fryer 380 degree f 190 degree c mix flour seasoned salt pepper large gallonsized resealable plastic bag dredge chicken thigh seasoned flour dip back buttermilk coat panko bread crumb spray air fryer basket nonstick cooking spray arrange 12 chicken thigh basket making sure none touching spray top chicken thigh cooking spray cook preheated air fryer 15 minute flip thigh spray top chicken cook chicken longer pink center juice run clear 10 minute instantread thermometer inserted center read least 165 degree f 74 degree c repeat remaining chicken,7,5
breaded air fryer pork chop,air fryer recipe,air fryer main dish recipe,breaded pork chop made air fryer perfectly tender juicy require basic pantry ingredient take 10 minute cook like use misto sprayer oil feel free use regular cooking spray,4 5 ounce boneless centercut pork chop 1inch thick 1 cajun seasoning 1 u00bd cheese garlic crouton 2 large egg cooking spray,preheat air fryer 400 degree f 200 degree c place pork chop plate season side cajun seasoning pulse crouton small food processor fine transfer shallow dish lightly beat egg separate shallow dish working one time dip pork chop beaten egg letting excess drip press crouton breading coat side place breaded chop unstacked onto plate repeat remaining chop mist chop cooking spray spray air fryer basket cooking spray arrange chop single layer air fryer basket may two batch depending size air fryer cook preheated air fryer 5 minute flip chop mist cooking spray dry area cook 5 minute instantread thermometer inserted center chop read 145 degree f 63 degree c serve hot enjoy,5,6
lumpia air fryer,air fryer recipe,air fryer main dish recipe,recipe forlumpiain air fryer result crispiness without deepfry taste bud never know difference waistline,1 pound italian hot sausage link u00bd finely sliced green onion u00bd finely carrot u00bd finely water chestnut u00bc diced onion 2 clove garlic 2 soy sauce u00bd salt u00bc ginger 16 spring roll wrapper avocado oil cooking spray,remove casing sausage cook skillet medium heat slightly browned 4 5 minute add green onion carrot water chestnut onion cook stir onion soft translucent 5 7 minute add garlic cook 1 2 minute season soy sauce salt ginger stir filling well combined remove heat lay spring roll wrapper angle place scant 14 filling center wrapper fold bottom corner filling tuck side form roll use finger lightly moisten edge water repeat remaining wrapper filling mist roll avocado oil cooking spray preheat air fryer 390 degree f 198 degree c place lumpia roll air fryer basket making sure touching cook batch necessary fry 4 minute flip cook skin crispy 4 minute,11,4
air fryer bbq baby back rib,air fryer recipe,air fryer main dish recipe,air fryer rib close low slow get without wait easy homemade rub barbeque glaze recipe add great color extra flavor,3 pound baby back pork rib 1 brown sugar 1 white sugar 1 sweet paprika 1 smoked paprika 1 granulated garlic u00bd black pepper u00bd cumin u00bd granulated onion u00bc greek seasoning optional u2153 barbeque sauce,preheat air fryer 350 degree f 175 degree c strip membrane back rib cut rib 4 equal portion combine brown sugar white sugar sweet paprika smoked paprika granulated garlic pepper cumin onion greek seasoning small bowl rub spice mixture rib place rib air fryer basket cook rib preheated air fryer 30 minute turning halfway brush barbeque sauce airfry 5 minute,11,5
air fryer sauteed onion,air fryer recipe,air fryer side dish recipe,air fryer sauteed onion add lot burger sandwich taco fajitas even rice mashed potato like topping steaksthe possibility endless,1 large onion 1 12 olive oil salt freshly black pepper,preheat air fryer 400 degree f 200 degree c place onion petal olive oil bowl season salt pepper toss coat pour mixture basket air fryer cook 10 minute shake basket cook 2 minute,3,3
air fryer baked yam,air fryer recipe,air fryer side dish recipe,air fryer baked yam free oven especially helpful holiday come every bit tender moist ovenbaked yam,1 yam 12 olive oil,preheat air fryer 400 degree f 200 degree c scrub yam clean dry paper towel rub olive oil place yam preheated air fryer cook tender pierced fork 15 20 minute,2,3
air fryer eggplant,air fryer recipe,air fryer side dish recipe,air fryer eggplant there need timeconsuming breading quickandeasy eggplant tasty soft creamy inside,1 pound eggplant 2 avocado oil 12 garlic powder 12 dried thyme 12 lemon pepper 14 salt,preheat air fryer 400 degree f 200 degree c place disposable paper liner air fry basket give spritz cooking spray stir eggplant cube large bowl avocado oil sprinkle garlic powder thyme lemon pepper salt toss piece well coated place eggplant cube single layer air fryer basket mist cooking spray cook browned outside tender inside 15 17 minute shaking basket halfway serve immediately,6,3
air fryer sriracha fry,air fryer recipe,air fryer side dish recipe,air fryer sriracha fry best french fry anyone love spicy foodgolden crispy spicy,2 3 russet potato 1 oil 2 riracha 1 pinch salt,cut potato fry place cut fry bowl water soak 1 hour preheat oven 200 degree f 95 degree c line baking sheet paper towel set wire rack sheet preheat air fryer 375 degree f according manufacturer instruction drain fry pat dry paper towel place fry resealable plastic bag add oil 1 sriracha salt seal bag toss coat add fry bottom air fryer basket single flat layer stacked work batch air fry crispy golden brown 13 minute place fry prepared baking sheet keep warm preheated oven repeat remaining fry place fry platter drizzle remaining sriracha enjoy,4,8
crispy air fryer potato bite,air fryer recipe,air fryer side dish recipe,crispy air fryer potato bite crispy flavorful outside tender inside grated parmesan creates perfect crust air fryer,1 pound red potato 1 olive oil 12 garlic powder 14 salt 18 black pepper 2 grated parmesan cheese,preheat air fryer 400 degree f 200 degree c according manufacturer instruction place cubed potato large bowl add olive oil toss coat add garlic powder salt pepper toss add grated parmesan toss one last time place seasoned potato basket preheated air fryer cook 8 minute shake cook tender 4 minute serve immediately,6,3
copycat wingstop cajun corn,air fryer recipe,air fryer side dish recipe,copycat wingstop cajun corn seasoned garlic cayenne herb exactly like favorite restaurant version,4 ear corn 2 olive oil 1 14 kosher salt 12 butter 12 pepper 1 onion powder 1 garlic powder 14 thyme 14 oregano 1 paprika 14 cayenne pepper,cut corn 2inch thick piece toss corn olive oil 1 salt 2 melted butter preheat air fryer 400 degree f 200 degree c according manufacturer instruction add corn air fryer cook 15 minute tossing occasionally partially golden brown meanwhile combine remaining salt butter remaining ingredient large bowl mix well add cooked corn butter mixture toss well coat,11,4
air fryer smashed potato,air fryer recipe,air fryer side dish recipe,golden crispy air fryer smashed potato easier make think 20 minute theyre flavored garlic brushed butter make extra crispy,8 ounce baby gold potato 1 melted unsalted butter 12 salt 14 garlic powder 14 freshly black pepper fresh parsley garnish optional,preheat air fryer 400 degree f 200 degree c meanwhile place potato microwavesafe bowl cook high tender 5 minute transfer potato baking sheet use bottom small glass gently smash 34 12inch thick thinner flatten potato crispier brush melted butter top smashed potato season salt garlic powder pepper place potato basket air fryer even layer cook golden crisp 10 minute garnish parsley serve hot,6,5
air fryer truffle polenta fry,air fryer recipe,air fryer side dish recipe,air fryer truffle polenta fry flavored truffleinfused oil truffle zest crispy outside tender juicy inside like serve alongside steaksteak frites speak serve dipping sauce recommend spicy mayo marinara ranch ketchup,1 18 ounce tube polenta 1 12 black truffleinfused olive oil 1 12 truffle zest seasoning 2 parmesan cheese 2 fresh parsley,preheat air fryer 400 degree f 200 degree c according manufacturer instruction line baking sheet paper towel set aside cut tube polenta half widthwise cut half half lengthwise cut 12inch wide fryshaped stick whisk truffleinfused olive oil truffle zest bowl add fry gently toss coat place fry basket air fryer single layer depending size air fryer fry may need cooked batch cook 10 minute shake basket cook 5 minute using tongs transfer fry prepared baking sheet garnish parmesan parsley,5,5
air fryer cheesy bacon ranch french fry,air fryer recipe,air fryer side dish recipe,simple cheesy bacon ranch fry great appetizer served grilled burger start frozen fry perfect last minute side unexpected guest never disappoint garnish chive serve ranch salad dressing desired,4 frozen french fry 14 olive oil 2 ranch salad dressing mix 2 bacon bit 1 pinch salt 14 cheddar cheese,preheat air fryer 400 degree fahrenheit 200 degree c place frozen french fry large bowl whisk olive oil dry ranch salad mix separate small bowl smooth pour olive oil mixture fry toss coat add bacon bit salt toss place seasoned fry basket air fryer cook 7 minute shake basket cook 5 minute sprinkle cheese fry cook 2 minute using spatula transfer serving platter serve immediately,6,4
air fryer garlic green bean,air fryer recipe,air fryer side dish recipe,garlic green bean simple side dish come together flash prepare rest dinner thanks air fryer,12 ounce fresh green bean end trimmed 1 olive oil 1 garlic 14 seasoned salt 18 black pepper,preheat air fryer 400 degree f 200 degree c place green bean bowl add olive oil garlic seasoned salt black pepper toss coat place green bean basket air fryer cook crisptender 10 minute shaking basket halfway cooking time,5,3
air fryer green bean,air fryer recipe,air fryer side dish recipe,fresh flavor summer come alive air fryer green bean simple side dish pair well grilled chicken fish pork,1 pound fresh green bean end trimmed 1 12 olive oil 2 lemon juice salt freshly black pepper taste 12 lemon zest 4 lemon wedge serving optional,preheat air fryer 380 degree f 195 degree c place green bean olive oil lemon juice salt pepper large bowl toss coat using tongs place green bean air fryer basket without overcrowding reserving remaining liquid bowl may need work batch depending size air fryer cook green bean crisptender 8 10 minute shaking basket halfway green bean done return bowl toss lemon zest serve additional lemon wedge,6,3
air fryer lemonthyme baby red potato,air fryer recipe,air fryer side dish recipe,air fryer baby red potato lemon thyme make simple side dish go anything beef chicken pork fish name best part take minimal prep mostly hand,12 ounce baby red potato halved lengthwise 1 olive oil 1 lemon pepper seasoning 1 fresh thyme 12 salt,place potato half bowl add olive oil lemon pepper thyme leaf salt toss evenly combined preheat air fryer 400 degree f 200 degree c 8 minute transfer potato slotted spoon basket air fryer cook 20 minute shaking halfway cooking time,5,3
air fryer red potato,air fryer recipe,air fryer side dish recipe,simple ingredient air fryer turn baby potato comforting side dish theyre suitable time year especially hot summer day dont want heat oven like use mini potato 1 1 12 inch diameter,1 12 pound baby red potato 2 olive oil 12 salt 12 granulated garlic 14 black pepper 1 12 fresh rosemary,preheat air fryer 400 degree f 200 degree c potato bigger 1 12 inch diameter cut half combine potato olive oil salt granulated garlic pepper large bowl toss coat using slotted spoon place potato air fryer basket without overcrowding reserving remaining oil bowl may need two batch stir rosemary reserved oil set aside cook potato tender pierced knife 15 20 minute shaking basket every 5 minute return potato bowl toss rosemary oil mixture,6,4
air fryer bacon wrapped brussels sprout,air fryer recipe,air fryer side dish recipe,air fryer bacon wrapped brussels sprout come together time grilled meat finished resting serve simple side dish grilled steak sprout equally good chicken pork,12 brussels sprout brussels sprout 2 ontreal steak seasoning 12 slice bacon cut half widthwise,gather ingredient preheat air fryer 400 degree f 200 degree c place halved brussels sprout bowl sprinkle steak seasoning toss coat wrap half slice bacon around brussels sprout half place seamsidedown basket air fryer repeat remaining bacon brussels sprout cook 10 minute undisturbed using tongs transfer plate serve immediately,3,4
air fryer loaded mashed potato cake,air fryer recipe,air fryer side dish recipe,recipe utilizes leftover mashed potato transforms completely different side dish flavor texture want add salt pepper mashed potato mixture seasoned originally serve sour cream like,2 cold mashed potato 1 cheddar cheese 3 green onion u00bc real bacon bit 2 flour 1 small egg beaten,combine mashed potato cheddar cheese green onion bacon bit flour bowl stir combined mix beaten egg preheat air fryer 400 degree f 200 degree c 10 minute form mixture 6 patty set baking sheet place baking sheet freezer 10 minute preheat air fryer place patty air fryer basket batch making sure overcrowd cook undisturbed 12 minute repeat remaining patty,6,4
air fryer spicy onion ring,air fryer recipe,air fryer side dish recipe,crispy crunchy outside tender inside subtle layer spicy flavor kicking much healthier deep frying serve warm ketchup favorite dipping sauce,2 large sweet onion sliced 12 inch thick,whisk together buttermilk egg flour chile lime seasoning adobo seasoning batter shallow bowl cover refrigerate 30 minute combine panko adobo seasoning chile lime seasoning shallow dish mix well remove batter fridge dip onion ring first batter bread crumb mixture turning coat gently shake excess crumb lightly spritz onion ring cooking spray side preheat air fryer 340 degree f 170 degree c line air fryer basket parchment liner lightly spray oil place breaded onion ring fryer basket even layer leaving 12inch space slice cook crisp lightly browned flipping halfway 10 12 minute may cook batch cooking time may vary depending size brand air fryer remove air fryer transfer baking sheet sprinkle kosher salt place 250 degree f 120 degree c oven keep warm,1,6
air fryer potato wedge,air fryer recipe,air fryer side dish recipe,deliciously crispy airfried potato wedge perfectly seasoned ready serve 30 minute doesnt get easier serve ketchup tasty appetizer toss grated parmesan cheesy potato side dish,2 medium russet potato 1 u00bd olive oil u00bd paprika u00bd parsley flake u00bd chili powder u00bd sea salt u215b black pepper,gather ingredient preheat air fryer 400 degree f 200 degree c cut potato half lengthwise cut half half lengthwise cut quarter half lengthwise 16 wedge gather seasoning place potato wedge large bowl add olive oil paprika parsley chili salt pepper mix well combined place 12 potato wedge basket air fryer cook 10 minute flip wedge tongs cook additional 5 minute remove plate repeat cook remaining wedge serve hot enjoy,7,6
easy air fryer baked potato,air fryer recipe,air fryer side dish recipe,air fryer baked potato recipe make tender delicious baked potato crispy flavorful skin finish dollop sour cream youd like,4 large baking potato scrubbed 2 olive oil kosher salt freshly black pepper taste u00bd garlic powder taste u00bd dried parsley taste 4 butter,gather ingredient preheat air fryer 400 degree f 200 degree c rub potato olive oil season salt pepper garlic powder parsley place potato air fryer basket cook preheated air fryer potato soft 40 50 minute depending potato size slice potato lengthwise pinch side potato using hand forcing potato open fluffy inside start come add 1 butter potato,6,4
air fryer asparagus,air fryer recipe,air fryer side dish recipe,air fryer asparagus quick easy vegetable side dish busy weeknight flavored garlic red pepper flake parmesan cheese delicious asparagus side dish table matter minute using air fryer make roasting vegetable breeze,1 bunch fresh asparagus trimmed avocado oil cooking spray u00bd garlic powder u00bd himalayan pink salt u00bc multicolored peppercorn u00bc red pepper flake u00bc freshly grated parmesan cheese,gather ingredient preheat air fryer 375 degree f 190 degree c line basket parchment paper place asparagus spear prepared basket mist avocado oil sprinkle garlic powder salt pepper pepper flake top parmesan cheese airfry asparagus spear start char 7 9 minute,7,3
air fryer corn cob,air fryer recipe,air fryer side dish recipe,air fryer corn cob super quick make full sweet roasted corn flavor like roll mayo chili powder lime juice cotija flavor get crispy mexican street corn without fire grill,u00bc mayonnaise 2 crumbled cotija cheese 1 lime juice u00bc chili powder 2 ear corn shucked halved 4 sprig fresh cilantro taste optional,preheat air fryer 400 degree f 200 degree c mix mayonnaise cotija cheese lime juice chili powder shallow dish roll piece corn mayonnaise mixture side covered place 4 piece corn air fryer basket cook preheated air fryer golden crisp tender 8 minute garnish cilantro,6,4
simple air fryer brussels sprout,air fryer recipe,air fryer side dish recipe,air fryer brussels sprout without bell whistle delicious sprout crispy brown edge soft inside,1 u00bd pound brussels sprout 2 olive oil 1 garlic powder 1 salt u00bd black pepper,gather ingredient preheat air fryer 390 degree f 200 degree c 15 minute air fryer preheating trim brussels sprout place bowl olive oil garlic powder salt pepper bowl mix well spread sprout evenly air fryer basket cook preheated air fryer 15 minute checking shaking basket halfway cycle serve enjoy,5,5
air fryer butternut squash home fry,air fryer recipe,air fryer side dish recipe,air fryer butternut squash home fry seasoned bagel seasoning fresh rosemary tasty brunch dish fit fallthemed menu,1 pound butternut squash peeled cut 12inch piece 1 extravirgin olive oil 2 bagel seasoning trader joes everything bagel sesame seasoning blend 1 fresh rosemary,preheat air fryer 400 degree f 200 degree c toss butternut squash olive oil large bowl add squash piece air fryer basket cook lightly browned stirring every 3 4 minute 22 minute total transfer bowl serving plate sprinkle seasoning blend evenly top garnish fresh rosemary,4,3
air fryer sweet potato fry,air fryer recipe,air fryer side dish recipe,crispy air fryer sweet potato fry take 10 minute cook simple make delicious bet cant eat one,1 medium sweet potato peeled 1 canola oil u00bd kosher salt u00bc pepper u215b garlic powder u215b sweet paprika,preheat air fryer 400 degree f 200 degree c cut sweet potato 12inch wide fry place bowl canola oil toss coat season salt pepper garlic powder paprika mix fry evenly coated working batch necessary place even layer fry air fryer basket cook preheated air fryer golden 10 minute repeat cook remaining fry serve hot enjoy,6,5
air fryer baked potato,air fryer recipe,air fryer side dish recipe,baked potato air fryer come beautifully crusty outside light fluffy inside great baked potato serve favorite topping like sour cream butter chive,2 large russet potato scrubbed 1 peanut oil u00bd coarse sea salt,gather ingredient preheat air fryer 400 degree f 200 degree c brush potato peanut oil sprinkle salt place air fryer basket cook potato tender pierced fork 1 hour serve enjoy,3,3
airfryer roasted veggie,air fryer recipe,air fryer side dish recipe,air fryer vegetable easy since air fryer taking kitchen nationwide theyre mini convection oven fry food little oil less fat fewer calorie heating element fan bathe food hot air produce crispy finished product youll use 3 assorted vegetable recipe cut 1inch piece serve favorite dipping sauce,u00bd diced zucchini u00bd diced summer squash u00bd diced mushroom u00bd diced cauliflower u00bd diced asparagus u00bd diced sweet red pepper 2 vegetable oil u00bc salt u00bc black pepper 14 seasoning taste,gather ingredient preheat air fryer 360 degree f 180 degree c add zucchini squash mushroom cauliflower asparagus red pepper oil salt pepper desired seasoning large bowl toss coat arrange single layer fryer basket cook stirring halfway preheated air fryer tender crisp 10 minute serve hot enjoy,10,5
air fryer french fry,air fryer recipe,air fryer side dish recipe,air fryer french fry recipe includes cold waterhot water soaking trick produce super crispy french fry made four ingredient fry rival traditional fry use fraction oil serve burger steak chicken something dip like honey mustard spicy ketchup garlic aioli,1 pound russet potato peeled 2 vegetable oil 1 pinch cayenne pepper u00bd kosher salt,gather ingredient cut potato lengthwise 38inchthick slice slice section 38inchwide stick place potato bowl cold water let soak release excess starch 5 minute drain pour boiling water potato theyre covered inch let sit 10 minute drain potato transfer onto paper towel blot excess water let cool completely least 10 minute place cooled potato mixing bowl drizzle oil season cayenne toss coat preheat air fryer 375 degree f 190 degree c stack potato double layer fryer basket cook 15 minute slide basket toss fry continue frying golden brown 10 minute toss fry salt mixing bowl serve immediately,4,7
air fryer roasted okra,air fryer recipe,air fryer side dish recipe,air fryer okra recipe perfect anyone love flavor okra dislike slimy texture airfry slime,u00bd pound okra end trimmed pod sliced 1 olive oil u00bc salt u215b black pepper,gather ingredient preheat air fryer 350 degree f 175 degree c place okra olive oil salt pepper large bowl stir gently coat arrange okra single layer air fryer basket cook preheated air fryer 10 minute tossing basket halfway toss basket continue cook crispy 2 minute,4,4
air fryer hasselback potato,air fryer recipe,air fryer side dish recipe,cook sliced potato air fryer quick delicious side dish hasselback potato created hotel hasselbacken stockholm sweden 1940s theyre still popular dish today delicious easy make lovely presentation also take half time cook air fryer,4 medium yukon gold potato 3 melted butter 1 olive oil 3 clove garlic crushed u00bd paprika salt black pepper taste 1 fresh parsley,preheat air fryer 350 degree f 175 degree c gather ingredient cut 14inch slice potato making sure knife cut bottom 12inch keeping bottom potato intact combine butter olive oil garlic paprika small bowl brush mixture potato slit season salt pepper place potato basket cook preheated air fryer 15 minute brush potato butter mixture making sure drip fannedout slice ensure potato dry cook potato cooked 15 minute remove potato basket brush remaining butter mixture sprinkle parsley,7,6
air fryer bacon,air fryer recipe,air fryer side dish recipe,follow recipe air fryer bacon ive found optimal way cooking perfectly crisp bacon every time,u00bd 16 ounce package bacon,preheat air fryer 390 degree f 200 degree c according manufacturer instruction lay bacon air fryer basket single layer overlap okay fry 8 minute flip continue cooking bacon crisp 7 minute transfer cooked bacon plate lined paper towel soak excess grease,1,4
air fryer fingerling potato,air fryer recipe,air fryer side dish recipe,air fryer fingerling potato crispy outside tender creamy inside simple side dish work everyday meal well special occasion,1 pound fingerling potato halved lengthwise 1 olive oil u00bd paprika u00bd parsley flake u00bd garlic powder salt black pepper taste,preheat air fryer 400 degree f 200 degree c place potato half large bowl add olive oil paprika parsley garlic powder salt pepper stir evenly coated place potato air fryer basket cook preheated air fryer 10 minute stir cook desired crispness reached 5 minute,6,3
airfried roasted sweet pepper onion,air fryer recipe,air fryer side dish recipe,serve air fryer pepper sweet onion grilled steak chicken fish also work well taco fajitas,1 sliced green bell pepper 1 sliced red bell pepper 1 sliced red onion 1 olive oil u00bd kosher salt 2 fresh cilantro 1 fresh lime juice,preheat air fryer 350 degree f 175 degree c combine pepper onion olive oil salt large bowl transfer mixture air fryer basket cook stirring pepper onion tender beginning brown 7 9 minute transfer serving bowl add cilantro lime juice toss coat,7,3
air fryer roasted broccoli cauliflower,air fryer recipe,air fryer side dish recipe,air fryer broccoli cauliflower recipe perfect dont want heat house turning oven broccoli thing need jumpstart cooking process cauliflower fine without garnish squeeze lemon parmesan cheese desired,3 broccoli floret 3 cauliflower floret 2 olive oil u00bd garlic powder u00bc sea salt u00bc paprika u215b black pepper,preheat air fryer 400 degree f 200 degree c place broccoli floret large microwavesafe bowl cook microwave full power 3 minute drain accumulated liquid add cauliflower olive oil garlic powder sea salt paprika black pepper bowl broccoli mix well combine pour mixture air fryer basket cook preheated air fryer 12 minute tossing vegetable halfway cooking time even browning,7,4
air fryer carrot sweet spicy,air fryer recipe,air fryer side dish recipe,air fryer carrot tossed honeybutter sauce thats flavored orange cardamon theyre tender delicious table less half hour,1 serving cooking spray 1 butter melted 1 hot honey mike hot honeyu00ae 1 grated orange zest u00bd cardamom u00bd pound baby carrot 1 freshly squeezed orange juice 1 pinch salt black pepper taste,gather ingredient preheat air fryer 400 degree f 200 degree c spray basket nonstick spray combine butter honey orange zest cardamom bowl transfer 1 sauce separate bowl set aside add carrot remaining sauce toss coat place carrot air fryer basket cook preheated air fryer tossing every 7 minute carrot roasted forktender 15 22 minute mix orange juice reserved honeybutter sauce toss cooked carrot well combined season salt pepper,8,6
air fryer tater tot,air fryer recipe,air fryer side dish recipe,make tater tot air fryer simple recipe perfect cooking people cook without ever heating oven result perfectly crispy tot temperature time regardless serving easy peasy,36 frozen bitesize potato nugget tater totsu00ae,preheat air fryer 350 degree f 175 degree c according manufacturer instruction 4 minute place desired amount potato nugget air fryer basket single layer working batch necessary cook preheated air fryer 6 minute shake basket cook crispy desired doneness 4 minute,1,3
air fryer mushroom,air fryer recipe,air fryer side dish recipe,airfried mushroom definitely hohum theyre transformed tasty side dish basic ingredient,1 8 ounce package cremini mushroom halved quartered 2 avocado oil 1 lowsodium soy sauce braggu00ae u00bd garlic granule salt black pepper taste,gather ingredient preheat air fryer 375 degree f 190 degree c combine mushroom oil soy sauce garlic granule salt pepper bowl toss coat transfer air fryer basket cook preheated air fryer 10 minute shaking occasionally,5,4
spicy air fryer green bean,air fryer recipe,air fryer side dish recipe,air fryer green bean simple crispy spicy delicious sesamesoygarlic flavor combination,12 ounce fresh green bean trimmed 1 sesame oil 1 soy sauce 1 rice wine vinegar 1 clove garlic u00bd red pepper flake taste,gather ingredient preheat air fryer 400 degree f 200 degree c place green bean large bowl whisk together sesame oil soy sauce rice wine vinegar garlic red pepper flake separate bowl pour green bean toss coat let marinate 5 minute place 12 green bean air fryer basket cook preheated air fryer shaking basket halfway crispy 10 12 minute repeat remaining green bean,6,4
air fryer roasted cauliflower,air fryer recipe,air fryer side dish recipe,make cauliflower air fryer great easy side dish pair well protein ive used smoked paprika favorite mine feel free add favorite flavor,3 clove garlic 1 peanut oil u00bd salt u00bd smoked paprika 4 cauliflower floret,gather ingredient preheat air fryer 400 degree f 200 degree c according manufacturer instruction cut garlic half smash blade knife place bowl oil salt paprika add cauliflower toss coat place coated cauliflower basket air fryer cook desired crispness 15 minute shaking basket every 5 minute,5,4
air fryer baked sweet potato,air fryer recipe,air fryer side dish recipe,sometimes get craving baked sweet potato fixing making recipe ideal 1 serving quick easy dont turn oven,1 medium sweet potato u00bd olive oil,preheat air fryer 400 degree f 200 degree c according manufacturer instruction wash sweet potato pierce hole throughout rub olive oil sweet potato using hand place air fryer basket cook preheated air fryer 15 minute turn sweet potato continue cook potato soft tender 15 20 minute cut slit top sweet potato top butter brown sugar cinnamon,2,4
air fryer roasted asparagus,air fryer recipe,air fryer side dish recipe,asparagus good spring sometimes find really thick spear like lovely air fryer side dish ready minute enhance weeknight dinner maybe something special,1 pound fresh asparagus trimmed 2 extravirgin olive oil u00bd seasoned salt taste 2 grated parmesan cheese 2 dried bread crumb cooking spray,gather ingredient preheat air fryer 400 degree f 200 degree c place asparagus spear large bowl toss olive oil seasoned salt combine grated parmesan cheese bread crumb separate bowl toss oilcoated asparagus spear bread crumb mixture evenly coated lightly spray air fryer basket cooking spray arrange asparagus single layer prepared basket air fry tender desired doneness 7 10 minute serve warm,6,5
air fryer spaghetti squash,air fryer recipe,air fryer side dish recipe,use air fryer easiest fastest way cook spaghetti squash cutting half intimidating discovered microwave hack make prepping breeze,1 3 pound spaghetti squash 1 olive oil u00bc sea salt u215b black pepper u215b smoked paprika,using sharp knife make dotted line lengthwise around entire squash place whole squash microwave cook full power help cut easily 3 5 minute transfer cutting board cut squash half lengthwise using dotted line guide wrap one half plastic wrap refrigerate another use spoon pulp seed remaining half discard brush olive oil flesh sprinkle salt pepper paprika preheat air fryer 360 degree f 180 degree c place spaghetti squash half skin sidedown basket cook squash tender 18 20 minute transfer dish fluff fork create noodle,5,4
air fryer fried green tomato,air fryer recipe,air fryer side dish recipe,air fryer fried green tomato southern comfort food best air fryer let put healthier still totally delicious version table serve ranch dressing sriracha mayo dipping,2 green tomato cut u00bcinch slice salt freshly black pepper taste u2153 flour u00bd buttermilk 2 large egg lightly beaten 1 plain panko bread crumb 1 yellow cornmeal 1 garlic powder u00bd paprika 1 olive oil needed,season tomato salt pepper place flour shallow dish beat buttermilk egg together second shallow dish mix panko bread crumb cornmeal garlic powder paprika together third dish dredge tomato slice flour shaking excess dip egg mixture press side cornmeal mixture preheat air fryer 400 degree f 200 degree c brush fryer basket olive oil working batch place breaded tomato prepared fryer basket ensuring touch brush top tomato olive oil cook preheated air fryer 12 minute flip tomato brush olive oil continue cooking crisp golden brown 3 5 minute remove tomato paper towellined rack keep crisp repeat remaining tomato,10,6
air fryer polenta fry,air fryer recipe,air fryer side dish recipe,polenta fry made air fryer simple crunchy delicious addictive first batch experiment good ran bought another tube serve ketchup favorite dipping sauce,1 16 ounce package prepared polenta nonstick olive oil cooking spray salt black pepper taste,preheat air fryer 350 degree f 175 degree c slice polenta long thin slice resembling french fry spray bottom basket cooking spray place 12 polenta fry basket lightly mist top cooking spray season salt pepper cook preheated air fryer 10 minute flip fry spatula cook crispy 5 minute longer transfer fry paper towellined plate repeat remaining half fry,3,4
air fryer seasoned breakfast potato,air fryer recipe,air fryer side dish recipe,seasoned breakfast potato made easy air fryer need stand skillet babysit throw air fryer 10 minute shake cook 10 minute perfectly crispy outside soft tender inside,1 pound russet potato peeled cut 1inch cube 1 olive oil 1 salt u00bd onion powder u00bd paprika u215b black pepper,place potato large bowl cover cold water let sit 30 minute preheat air fryer 400 degree f 200 degree c drain potato pat dry paper towel add olive oil salt onion powder paprika pepper potato stir evenly combined place potato air fryer basket cook preheated air fryer 20 minute shaking halfway cook time,6,4
air fryer garlic parsley baby potato,air fryer recipe,air fryer side dish recipe,air fryer baby potato similar roasted potato theyre crispy outside fluffy inside,1 pound baby potato cut quarter 1 avocado oil u00bd granulated garlic u00bd dried parsley u00bc salt,gather ingredient preheat air fryer 350 degree f 175 degree c place potato bowl add oil toss coat add garlic parsley salt toss well distributed transfer potato air fryer basket place basket preheated air fryer cook tossing occasionally golden brown 20 25 minute,5,3
air fryer roasted potato,air fryer recipe,air fryer side dish recipe,air fryer roasted potato golden crispy outside tender inside ready eat 15 minute,u00bd pound mini potato 2 extravirgin olive oil 2 dry italianstyle salad dressing mix salt black pepper taste,gather ingredient preheat air fryer 400 degree f 200 degree c wash dry potato trim edge make flat surface end combine extravirgin olive oil salad dressing mix large bowl add potato toss potato well coated place single layer air fryer basket cook batch necessary air fry potato golden brown 5 7 minute flip potato air fry additional 2 3 minute season salt pepper,4,6
air fryer roasted pineapple,air fryer recipe,air fryer side dish recipe,air fryer roasted pineapple recipe make delicious addition many dish add air fryer roasted pineapple taco al pastor chicken dish pork dish even asian dish roasted pineapple added smoothy add another layer flavor top ice cream yogurt eat right air fryer choice endless,1 fresh pineapple,preheat air fryer 375 degree f 190 degree c according manufacturer instruction line air fryer basket parchment paper core pineapple using pineapple corer slicer slice ring place pineapple ring prepared basket airfry slice start roast 8 10 minute flip slice airfry 3 5 minute,1,3
air fryer broccoli,air fryer recipe,air fryer side dish recipe,tried making air fryer broccoli need olive oil salt pepper broccoli turn wonderfully crispy tasty,1 head fresh broccoli cut floret u00bc olive oil salt black pepper taste,combine broccoli olive oil salt pepper resealable plastic bag set aside allow broccoli soak oil 30 minute preheat air fryer 375 degree f 190 degree c place broccoli air fryer basket cook preheated air fryer desired crispiness reached 10 15 minute shaking air fryer basket halfway,3,3
airfryer fry,air fryer recipe,air fryer side dish recipe,crispy airfried potato crunch none extra calorie fat serve desired dipping sauce,1 pound potato cut 12inch stick straight ruffle cut 1 vegetable oil u00bc salt 14 seasoning idea taste,cover potato water let soak 30 minute drain pat dry paper towel drizzle oil toss coat preheat air fryer 400 degree f 200 degree c arrange potato double layer fryer basket cook tossing every 5 minute golden brown 15 20 minute sprinkle salt desired seasoning,4,3
air fryer brussels sprout,air fryer recipe,air fryer side dish recipe,air fryer brussels sprout flavored sweet tart balsamic vinegar bacon add smoky flavor 10 minute brussels sprout still bite add minute softer texture desired,1 avocado oil u00bd salt u00bd black pepper 10 ounce brussels sprout trimmed halved lengthwise 1 balsamic vinegar 2 crumbled cooked bacon optional,preheat air fryer 350 degree f 175 degree c combine oil salt pepper large bowl mix well add brussels sprout turn coat transfer brussels sprout air fryer basket cook preheated air fryer 5 minute shake air fryer basket move sprout cook 5 minute transfer sprout serving dish sprinkle balsamic vinegar turn coat sprinkle bacon,6,4
air fryer truffle fry,air fryer recipe,air fryer side dish recipe,fell love truffle fry moment met first trip la vega ive made often since finally took time experiment air fryer healthier alternative step fry game,1 u00be pound russet potato peeled cut fry 2 truffleinfused olive oil u00bd paprika 1 grated parmesan cheese 2 fresh parsley 1 black truffle sea salt,place fry bowl cover water let soak 30 minute drain pat dry preheat air fryer 400 degree f 200 degree c according manufacturer instruction place drained fry large bowl add truffle olive oil paprika stir evenly combined transfer fry air fryer basket air fry 20 minute shaking every 5 minute transfer fry bowl add parmesan cheese parsley truffle salt toss coat,6,4
air fryer stuffing ball,air fryer recipe,air fryer side dish recipe,air fryer stuffing ball slightly crunchy outside moist delicious inside season way like freeze well,1 unsalted butter u00bd finely celery u00bc finely onion 5 stale bread cut cube 1 dried parsley u00bd poultry seasoning u00bd salt u00bc black pepper 1 large egg well beaten u00bc nosaltadded chicken broth cooking spray,melt butter small skillet medium heat add celery onion cook softened 5 minute combine bread parsley poultry seasoning salt pepper bowl mix cooked onion celery add egg bowl mix well combined add chicken broth mix well combined roll stuffing mixture 8 equal size ball transfer plate refrigerate least 15 minute preheat air fryer 350 degree f 180 degree c spray stuffing ball lightly cooking spray place air fryer sprayed side without touching one another spray top lightly cooking spray cook preheated air fryer 5 minute turn cook additional 2 minute,11,5
air fryer latke,air fryer recipe,air fryer side dish recipe,potato latke usually fried top stove air fryer market right great way prepare popular dish method yield crispy latke appetizer dinner side oil sprayer use oil choice used purchased avocado oil spray give beautiful brown color serve sour cream applesauce desired refrigerate leftover airtight container 5 day,1 16 ounce package frozen hash brown potato thawed u00bd onion 1 egg kosher salt black pepper taste 2 matzo meal avocado oil cooking spray,preheat air fryer 375 degree f 190 degree c according manufacturer instruction lay sheet parchment waxed paper place thawed potato onion several layer paper towel cover paper towel press squeeze liquid whisk together egg salt pepper large bowl stir potato onion fork sprinkle matzo meal top stir ingredient evenly distributed use hand form mixture ten 3 4inch wide patty place patty parchment waxed paper spray air fryer basket cooking spray carefully place half patty basket spray generously cooking spray airfry crispy dark golden brown outside 10 12 minute check doneness 8 minute prefer softer latke remove latke plate repeat remaining patty spraying cooking spray cooking,6,5
airfried brussels sprout balsamichoney glaze feta,air fryer recipe,air fryer side dish recipe,air fryer brussels sprout balsamic tender bite crispy exterior perfect combo sweet salty spicy great chicken rice roasted turkey ham pork,1 u00bc pound brussels sprout trimmed halved 1 olive oil u00bd kosher salt u215b cayenne pepper 2 honey 2 balsamic vinegar u00bc crumbled feta cheese,place brussels sprout medium bowl toss oil salt cayenne place air fryer basket air fry golden brown crisp around edge 13 15 minute meanwhile whisk honey balsamic vinegar together smooth toss cooked sprout glaze sprinkle feta cheese,7,3
air fryer okra fry,air fryer recipe,air fryer side dish recipe,love taste deepfried okra sometimes though want limit carbs make okra fry give flavor fried okra far fewer calorie much less fat okra fry tasty snack interesting veggie side dinner love munch plain snack serve dipping sauce choice,1 pound fresh okra 3inches long 1 u00bd extravirgin olive oil u00bd seasoned salt taste,preheat air fryer 400 degree f 200 degree c wash dry okra trim stem tip slice half lengthwise place bowl toss olive oil seasoned salt put okra slice cutsides basket air fryer batch necessary cook crispy 12 15 minute,3,3
air fryer fried okra,air fryer recipe,air fryer side dish recipe,fried okra made air fryer super easy cornmeal coating make golden brown crunchy outside delicious sriracha mayo dip ketchup ranch,1 large egg u00bd pound okra pod cut 12inch slice 1 cornmeal u00bc flour cooking spray salt taste,place egg shallow dish beat gently stir sliced okra combine cornmeal flour gallonsize resealable plastic bag drop 5 slice okra cornmeal mixture zip bag shake remove breaded okra plate repeat remaining okra slice preheat air fryer 400 degree f 200 degree c place 12 breaded okra slice basket air fryer spray cooking spray cook 4 minute shake basket mist okra cooking spray cook additional 4 minute shake basket one last time cook 2 minute remove okra basket salt taste repeat remaining okra slice,6,4
air fryer sweet potato tot,air fryer recipe,air fryer side dish recipe,sweet potato tot kick made lighter preparing air fryer serve ketchup favorite dipping sauce,2 sweet potato peeled u00bd cajun seasoning olive oil cooking spray sea salt taste,bring pot water boil add sweet potato boil potato pierced fork still firm 15 minute overboil messy grate drain let cool grate sweet potato bowl using box grater carefully mix cajun seasoning form mixture totshaped cylinder spray air fryer basket olive oil spray place tot basket single row without touching side basket spray tot olive oil spray sprinkle sea salt heat air fryer 400 degree f 200 degree c cook tot 8 minute turn spray olive oil spray sprinkle sea salt cook 8 minute,4,4
air fryer cauliflower tot,air fryer recipe,air fryer side dish recipe,recipe air fryer tater tot made cauliflower great way get family eat veggie best part never know table less 10 minute wont heat house turning oven,cooking spray 1 16 ounce package frozen cauliflower tot green giant cauliflower veggie tot,preheat air fryer 400 degree f 200 degree c according manufacturer instruction coat air fryer basket cooking spray place many cauliflower tot fit basket making sure touch cooking batch necessary cook preheated air fryer 6 minute flip tot continue cooking browned cooked 3 minute,2,3
air fryer falafel,air fryer recipe,air fryer side dish recipe,youve soaked chickpea use food processor air fryer quickly bake spicy falafel patty serve favorite garnish sauce,1 dry garbanzo bean 1 u00bd fresh cilantro stem removed u00be fresh flatleafed parsley stem removed 1 small red onion quartered 1 clove garlic 2 chickpea flour 1 coriander 1 cumin 1 riracha sauce salt black pepper taste u00bd baking powder u00bc baking soda cooking spray,soak chickpea large amount cool water 24 hour rub soaked chickpea finger help loosen remove skin rinse drain well spread chickpea large clean dish towel dry blend chickpea cilantro parsley onion garlic food processor rough paste form transfer mixture large bowl add chickpea flour coriander cumin sriracha salt pepper mix well cover bowl let mixture rest 1 hour preheat air fryer 375 degree f 190 degree c add baking powder baking soda chickpea mixture mix using hand combined form 15 equalsized ball press slightly form patty spray falafel patty cooking spray place 7 falafel patty preheated air fryer cook 10 minute transfer cooked falafel plate repeat remaining 8 falafel cooking 10 12 minute,13,5
air fryer root vegetable vegan aioli,air fryer recipe,air fryer side dish recipe,air fryer root vegetable vegan aioli recipe combine parsnip carrot baby red potato red onion garlic rosemary make delicious meal dont fresh rosemary use another fresh herb like try airfried root vegetable vegan garlic aiolii think like,u00bd vegan mayonnaise vegenaise 1 clove garlic u00bd fresh lemon juice salt black pepper taste,combine mayonnaise garlic lemon juice small bowl season salt black pepper chill refrigerator ready serve preheat air fryer 400 degree f 200 degree c according manufacturer instruction combine olive oil rosemary garlic 1 salt 12 black pepper small bowl set aside blend flavor combine parsnip potato carrot onion large bowl stir olive oilrosemary mixture vegetable evenly coated place single layer vegetable air fryer basket add rack another single layer vegetable rack set remaining vegetable aside air fry vegetable 15 minute transfer airfried vegetable plate keep warm continue air frying 5 minute interval vegetable reach desired doneness browning place remaining vegetable single layer air fryer basket adding rack another single layer vegetable needed air fry vegetable reach desired doneness browning 15 minute checking doneness needed serve aioli garnish lemon zest,4,7
airfried carrot balsamic glaze,air fryer recipe,air fryer side dish recipe,honeyroasted carrot still warm air fryer tossed buttery balsamic glaze sprinkled chive simple quick weeknight side dish recipe,olive oil brushing 1 olive oil 1 honey u00bc kosher salt u00bc black pepper 1 pound tricolored baby carrot 1 balsamic glaze 1 butter 2 fresh chive,brush air fryer basket olive oil whisk together 1 olive oil honey salt pepper large bowl add carrot toss coat place carrot air fryer basket single layer batch needed cook air fryer 390 degree f 200 degree c stirring tender 10 minute transfer warm cooked carrot large bowl add balsamic glaze butter toss coat sprinkle chive serve,9,3
airfried ratatouille italianstyle,air fryer recipe,air fryer side dish recipe,traditional ratatouille vegetable zucchini mixed italian herb airfried create quick easy side dish nutritious delicious using air fryer ratatouille keep vegetable getting soggy without using much oil need baking accessory adaptable baking dish use inside air fryer basket,u00bd small eggplant cut cube 1 zucchini cut cube 1 medium tomato cut cube u00bd large yellow bell pepper cut cube u00bd large red bell pepper cut cube u00bd onion cut cube 1 fresh cayenne pepper diced 5 sprig fresh basil stemmed 2 sprig fresh oregano stemmed 1 clove garlic crushed salt black pepper taste 1 olive oil 1 white wine 1 vinegar,preheat air fryer 400 degree f 200 degree c place eggplant zucchini tomato bell pepper onion bowl add cayenne pepper basil oregano garlic salt pepper mix well distribute everything evenly drizzle oil wine vinegar mixing coat vegetable pour vegetable mixture baking dish insert basket air fryer cook 8 minute stir cook another 8 minute stir continue cooking tender stirring every 5 minute 10 15 minute turn air fryer leaving dish inside let rest 5 minute serving,14,3
air fryer roasted sweet potato,air fryer recipe,air fryer side dish recipe,love roasted vegetable especially sweet potato imagine surprise find fast delicious prepared air fryer every air fryer capacity performance different may need adjust time temperature sweet potato easily adapted style seasoning likeplain simple sweet spicy add much little suggested seasoning try seasoning combo,1 pound sweet potato peeled cut 1inch chunk 1 unsalted butter melted u00bd salt taste 1 dash cayenne pepper u215b ginger u00bd white sugar,preheat air fryer 400 degree f 200 degree c directed air fryer manufacturer place sweet potato chunk mixing bowl drizzle melted butter sweet potato stir coat add salt cayenne pepper ginger sugar combination spice stir combine place sweet potato air fryer single layer airfry 10 12 minute stirring shaking sweet potato halfway air frying time serve warm,6,3
airfried purple yam fry sour cream sriracha sauce,air fryer recipe,air fryer side dish recipe,make purple yam fry air fryer toss sriracha salt olive oil airfry crispy simple combination cool sour cream sriracha complement sweet fry procedure cooking yam air fryer different cooking potato,1 u2153 pound ube purple yam peeled cut 14inchthick fry 2 olive oil 1 srirachaflavored salt u2153 sour cream 2 sriracha sauce taste,preheat air fryer 320 degree f 160 degree c place yam fry bowl add olive oil srirachaflavored salt toss coat evenly pour air fryer basket cook preheated air fryer 16 minute increase heat 400 degree f 200 degree c shake basket cook 5 minute meanwhile mix sour cream sriracha sauce bowl serve alongside yam fry,5,4
air fryer pasta taco,air fryer recipe,air fryer appetizer snack recipe,air fryer pasta taco fusion manicotti taco pasta shell filled taco seasoned beef cheese coated crushed tortilla chip air fried crunchy savory pasta taco,1 8 ounce box manicotti pasta 1 pound beef 1 packet taco seasoning 4 ounce green chile 1 10 ounce tomato green chile rotelu00ae drained 2 cheddar cheese 3 large egg 2 milk halfandhalf 3 tortilla chip salsa hot sauce sour cream andor guacamole,bring large pot salted water boil add pasta cook 6 minute drain rinse cold water set aside heat nonstick skillet mediumhigh heat add beef cook crumbling spoon evenly browned 7 minute add taco seasoning green chile rotel stir scraping browned bit bottom pan remove heat stir cheddar cheese fill pasta shell beef mixture freeze least 30 minute 1 hour meanwhile whisk together egg milk shallow dish place crushed tortilla chip second shallow dish lighty coat filled pasta egg wash coat crushed crumb pressing lightly adhere necessary preheat air fryer 400 degree f 200 degree c according manufacturer instruction working 2 batch air fry pasta taco 10 12 minute serve desired topping,10,7
air fryer honey mustard salmon bite,air fryer recipe,air fryer appetizer snack recipe,air fryer honey mustard salmon bite quick easy make air fryer honey mustard salmon delicious togetherthese bite hit next party,1 pound salmon 1 olive oil 12 paprika 14 salt 18 black pepper 14 honey mustard,gather ingredient preheat air fryer 400 degree f 200 degree c combine salmon oil paprika salt pepper small mixing bowl toss combine place seasoned salmon basket air fryer air fry 4 minute using basting brush lightly brush honey mustard salmon piece stick toothpick bite air fry fish flake easily fork 4 minute transfer serving plate serve immediately,6,6
panko sesame crusted salmon bite,air fryer recipe,air fryer appetizer snack recipe,airfried panko sesame crusted salmon bite crunchy nutty crust surrounding tender buttery perfectlycooked salmon youll time stir sweetsavory kewpie mayonnaise soy sesame chiligarliclime dipping sauce salmon bite fryer,1 pound salmon fillet 1 kosher salt 1 granulated garlic 12 mayonnaise 1 toasted sesame oil 1 soy sauce 1 12 lime juice 12 panko japanesestyle breadcrumb 12 toasted sesame seed cooking spray 2 chili garlic sauce 1 honey,gather ingredient sprinkle salmon evenly 12 salt whisk together granulated garlic 14 mayonnaise 1 12 sesame oil 1 12 soy sauce 1 lime juice remaining 12 salt bowl add salmon mayonnaise mixture gently toss coat stir together panko sesame seed 1 sesame oil shallow bowl working 4 batch dredge salmon panko mixture gently pressing adhere transfer large plate baking sheet lightly coat air fryer basket cooking spray place half salmon basket spaced least 1 inch apart cook 400 degree f 200 degree c browned instantread thermometer inserted thickest part salmon register 125 degree f 52 degree c 5 minute transfer cooked salmon plate repeat remaining salmon salmon cook stir together chili garlic sauce honey remaining 14 mayonnaise 1 12 soy sauce 12 toasted sesame oil 12 lime juice small bowl drizzle chili garlic mixture cooked salmon serve lime wedge,12,5
wet wet wing,air fryer recipe,air fryer appetizer snack recipe,fingerlicking chicken wing covered wet wet sauce surely smash hit next gathering,2 pound chicken wing drummettes 1 oil 1 12 kosher salt 12 pepper 1 wet wet sauce 12 bunchgreen onion green part sliced optional green onion green part sliced optional 1 sesame seed optional,toss wing bowl oil salt pepper transfer air fryer basket air fry wing 400 degree f 200 degree c cooked crisp 20 25 minute wing cook prepare wet wet sauce set aside pour wet wet sauce wing toss well coated sauce sprinkle green onion sesame seed desired,7,4
lemon garlic butter chicken spiedini,air fryer recipe,air fryer appetizer snack recipe,lemon garlic butter chicken spiedini airfried crispy golden breaded chicken skewer light lemon garlic butter drizzle,12 extravirgin olive oil 14 white wine pinot grigio 3 lemon juice 1 lemon zest 4 clove garlic 14 crushed red pepper flake 14 oregano 2 kosher salt 1 pepper 2 pound skinless boneless chicken thigh 23 italian breadcrumb 23 panko 12 grated parmesan cheese 12 garlic powder skewer cooking spray 4 butter 2 fresh parsley,whisk together olive oil wine 2 lemon juice lemon zest 12 garlic crushed red pepper oregano 1 salt 12 pepper bowl add chicken toss coat cover refrigerate 30 minute 1 hour stir together remaining salt pepper bread crumb panko parmesan cheese garlic powder shallow dish remove chicken marinade toss coat breadcrumb mixture pressing adhere necessary thread chicken onto skewer coat olive oil cooking spray preheat air fryer 390 degree f 198 degree c air fry chicken longer pink center juice run clear lightly golden brown crisp 12 minute instant read thermometer inserted near center read 165 degree f 74 degree c meanwhile melt butter remaining garlic microwavesafe dish high microwave 10 second stir remaining lemon juice parsley drizzle butter mixture chicken serving,18,4
crispy air fryer potato bite,air fryer recipe,air fryer appetizer snack recipe,crispy air fryer potato bite crispy flavorful outside tender inside grated parmesan creates perfect crust air fryer,1 pound red potato 1 olive oil 12 garlic powder 14 salt 18 black pepper 2 grated parmesan cheese,preheat air fryer 400 degree f 200 degree c according manufacturer instruction place cubed potato large bowl add olive oil toss coat add garlic powder salt pepper toss add grated parmesan toss one last time place seasoned potato basket preheated air fryer cook 8 minute shake cook tender 4 minute serve immediately,6,3
air fryer parmesan chicken skewer,air fryer recipe,air fryer appetizer snack recipe,air fryer parmesan chicken skewer crispy outside tender juicy inside dip ranch dressing sauce like,1 14 pound chicken breast tender 2 olive oil 1 garlic powder 12 paprika 12 dried parsley flake 12 salt 14 black pepper 12 grated parmesan cheese,preheat air fryer 400 degree f 200 degree c according manufacturer instruction place chicken tender large bowl add olive oil garlic powder paprika parsley flake salt pepper toss coat add grated parmesan cheese toss coat evenly combined thread tender skewer place skewer basket air fryer even layer touch overlap cook 7 minute flip skewer cook chicken longer pink center juice run clear 3 minute instantread thermometer inserted near center chicken read 165 degree f 74 degree c,8,4
air fryer buffalo wing,air fryer recipe,air fryer appetizer snack recipe,crispy air fryer buffalo wing seasoned garlic paprika cayenne pepper take minute prep always come juicy inside serve ranch blue cheese sauce eat asis,2 sea salt 1 garlic powder 1 mustard powder 1 coriander 1 smoked paprika u00bd cayenne pepper u00bc black pepper 1 pound chicken wing,preheat air fryer 380 degree f 190 degree c combine sea salt garlic powder mustard powder coriander smoked paprika cayenne pepper black pepper shallow bowl dredge chicken wing spice mixture set air fryer basket one layer cook air fryer chicken wing longer pink bone juice run clear 30 minute instantread thermometer inserted near bone read 165 degree f 74 degree c wing smaller reduce cooking time,8,3
air fryer firecracker salmon bite,air fryer recipe,air fryer appetizer snack recipe,air fryer firecracker salmon bite get quick spicy soyginger marinade pop air fryer,14 balsamic vinegar 14 brown sugar 3 vegetable oil 3 soy sauce 1 garlic 1 ginger 2 crushed red pepper flake taste 12 kosher salt 1 14 pound salmon filet cooking spray,combine balsamic vinegar brown sugar oil soy sauce garlic ginger red pepper salt bowl whisk well set aside half marinade serving add salmon remaining marinade bowl toss lightly coat cover plastic wrap marinate refrigerator least 30 minute 4 hour preheat air fryer 400 degree f 200 degree c 2 3 minute according manufacturer instruction spray air fryer basket nonstick cooking spray add salmon single layer cooking batch necessary cook salmon flake easily fork lightly browned crisp around edge 6 8 minute serve drizzled reserved sauce,10,4
air fryer chicken bite,air fryer recipe,air fryer appetizer snack recipe,air fryer chicken bite seasoned lemon garlic italian herb perfect addition appetizer tray great add salad main dish family dinner,1 pound boneless chicken breast 3 butter melted 1 olive oil 1 lemon juice taste 3 clove garlic 1 talian seasoning 1 salt 1 paprika 12 cayenne pepper optional,preheat air fryer 350 degree f 175 degree c setting 5 minute stir melted butter olive oil lemon juice garlic italian seasoning salt paprika cayenne together large bowl add chicken piece toss coat thoroughly place chicken piece single layer air fryer basket may cook batch air fry preheated fryer chicken longer pink center juice run clear 8 10 minute instantread thermometer inserted near center read 165 degree f 74 degree c,9,3
4 ingredient air fryer pepper popper,air fryer recipe,air fryer appetizer snack recipe,4 ingredient air fryer pepper popper flavor love popper without heat like tad heat feel free add pepper jack cheese mixture first thing disappear next watch party,1 bell pepper color 8 ounce cream cheese softened 1 1 ounce packet ranch dip mix 2 bacon bit,preheat air fryer 390 degree f 199 degree c according manufacturer instruction quarter bell pepper lengthwise remove stem membrane seed discard cut quarter half lengthwise mix cream cheese ranch dip mix bacon bit together bowl evenly combined using spoon divide mixture pepper slice 1 12 2 per slice place stuffed bell pepper basket air fryer cook cheese filling lightly browned 8 10 minute check 8 minute air fryer vary,4,4
air fryer bell pepper popper,air fryer recipe,air fryer appetizer snack recipe,want appetizer try air fryer bell pepper popper everyone take heat jalapeño peppersno worry though use brightly colored mini bell pepper fill boursin herbflavored gournay cheese add little piece bacon top air fry single layer cooking batch depending size air fryer,9 mini pepper mini bell pepper 52 ounce gournay cheese 6 slice bacon cut 3 short piece fresh parsley garnish optional,preheat air fryer 400 degree f 200 degree c according manufacturer direction slice minipepper half stem tip remove membrane seed fill minipepper boursin place piece bacon top place filled minipepper half single layer air fryer cook bacon crisp like 8 12 minute air fry batch necessary place serving platter garnish parsley serve warm,4,4
air fryer buffalo cauliflower,air fryer recipe,air fryer appetizer snack recipe,air fryer buffalo cauliflower clever way get veggie without sacrificing saucy flavor love buffalo wing always serve celery carrot stick favorite blue cheese dressing,u00bd buffalo wing sauce frank 1 butter melted 1 honey 1 2 pound cauliflower broken floret u00bc flour u00bc cornstarch 1 garlic powder u00bd seasoned salt lawrys u00bc paprika drizzle buffalo wing sauce optional,combine hot sauce butter honey large bowl whisk well combined add cauliflower floret stir well coated combine flour cornstarch garlic powder seasoning salt paprika separate bowl stirring well gradually sprinkle flour mixture cauliflower floret tossing floret coated preheat air fryer 390 degree f 195 degree c spray fryer basket olive oil spray line parchment liner transfer cauliflower floret air fryer basket single layer making sure overcrowd basket theyll crisp turn soggy air fry 10 15 minute shaking basket several time floret lightly browned crispy overcooked mushy may cook batch depending size air fryer time may vary depending size brand air fryer give cauliflower light drizzle buffalo wing sauce come air fryer desired serve choice creamy dipping sauce,10,6
air fryer spanakopita,air fryer recipe,air fryer appetizer snack recipe,classic greek appetizer spanakopita easily made air fryer,2 10ounce package frozen spinach thawed squeezed dry 12 feta cheese 12 mozzarella cheese 12 grated parmesan cheese 1 clove garlic 1 1 pound package frozen phyllo dough thawed 12 unsalted butter melted tzatziki sauce serving fresh dill serving,filling stir together spinach feta mozzarella parmesan garlic bowl line baking sheet parchment paper arrange 1 sheet phyllo clean work surface brush lightly melted butter top 2 phyllo sheet butter cover remaining phyllo damp towel work cut phyllo stack lengthwise 3 3inchwide strip spoon 1 filling bottom strip take bottom right corner fold dough filling make triangle fold bottom left corner make another triangle continue folding dough folded arrange spanakopita seam side prepared baking sheet lightly brush butter repeat remaining phyllo filling butter preheat air fryer 375 degree f 190 degree c arrange spanakopita even layer air fryer basket working batch needed cook turning halfway spanakopita golden brown 12 15 minute cool slightly serve tzatziki sauce dill,9,6
air fryer samosa,air fryer recipe,air fryer appetizer snack recipe,use air fryer make indian samosa version vegetarian potato pea cook samosa air fryer,12 ounce yukon gold potato 1 extravirgin olive oil 12 onion 1 fresh ginger 2 clove garlic 1 garam masala 12 cumin 14 salt 18 cayenne pepper optional 23 frozen pea thawed 14 fresh cilantro plus garnish 24 wonton wrapper cooking spray,add potato small saucepan cover salted water bring boil high heat reduce heat simmer 10 minute forktender drain transfer potato bowl mash mostly smooth small chunk remaining saucepan heat oil medium heat add onion cook stirring occasionally tender 3 4 minute stir ginger garlic cook fragrant 30 second add garam masala cumin salt using cayenne cook 30 second stir mashed potato pea cook warmed remove heat stir cilantro arrange wonton wrapper clean work surface evenly spoon filling center wontonwrappers lightly wet border wrapper withwater fold two corner together form triangle press edge seal coat side samosa cooking spray preheat air fryer 350 degree f 175 degree c coat air fryer basket cooking spray working batch needed arrange samosa even layer basket cook turning halfway samosa golden brown crispy 8 minute meanwhile combine yogurt cilantro lime zest lime juice garlic salt pepper small food processor process well combined chill covered 5 day serve samosa cilantroyogurt sauce garnish additional cilantro,13,7
air fryer roasted vegetable gremolata red pepper aioli,air fryer recipe,air fryer appetizer snack recipe,air fryer roasted vegetable come wonderfully crisp tenderpaired homemade gremolada red pepper aioli make tasty appetizer side,1 medium zucchini 1 medium summer squash 1 8 ounce package cremini mushroom halved quartered large 34 cauliflower floret 6 color mini bell pepper 2 vegetable oil 14 salt 14 black pepper 12 fresh parsley 2 garlic 2 lemon zest,preheat air fryer 360 degree f 180 degree c combine zucchini summer squash mushroom cauliflower bell pepper oil salt black pepper bowl toss coat arrange vegetable even layer air fryer basket working batch needed cook turning halfway tender 10 minute meanwhile gremolata stir together parsley garlic lemon zest small bowl red pepper aioli stir together mayonnaise roasted red pepper olive oil red wine vinegar garlic small bowl top roasted vegetable gremolata serve red pepper aioli,11,6
crab rangoon air fryer,air fryer recipe,air fryer appetizer snack recipe,crab rangoon turn extra crispy cooked air fryer filled crab cream cheese spice little crab puff tasty chineseamerican treat,12 apricot fruit spread 1 chiligarlic sauce 1 lesssodium soy sauce 12 orange zest 2 freshly squeezed orange juice 1 orange 4 ounce cream cheese 4 ounce crabmeat drained 2 chive 2 orcestershire sauce 1 clove garlic grated 12 14 black pepper 18 salt 18 wonton wrapper cooking spray,stir together apricot spread chiligarlic sauce soy sauce orange zest orange juice small bowl dipping sauce preheat air fryer 350 degree f 175 degree c stir together cream cheese crab chive worcestershire garlic pepper salt bowl filling arrange 6 wonton wrapper work surface keep remaining wrapper covered ready use prevent drying spoon 2 crab filling center wrapper lightly wet border wrapper water bring together 2 opposite corner wrapper filling seal together bring remaining 2 corner toward center sealing edge wrapper enclose filling repeat remaining wrapper filling working batch needed coat dumpling cooking spray arrange even layer air fryer basket cook dumpling crispy golden brown 8 minute serve sauce,14,6
air fryer crispy pickle chip creole dipping sauce,air fryer recipe,air fryer appetizer snack recipe,crispy pickle chip easily cooked air fryer serve homemade creole dipping sauce tasty snack,12 flour 2 large egg 1 panko bread crumb 1 16 ounce jar reducedsodium dill pickle chip drained 14 mayonnaise 1 mustard,preheat air fryer 350 degree f 175 degree c lightly coat air fryer basket cooking spray put flour shallow dish second shallow dish lightly beat egg third shallow dish add panko pat pickle chip dry coat pickle flour shaking excess dip egg allowing excess drip toss panko lightly pressing adhere arrange pickle air fryer basket even layer overcrowd working batch needed cook pickle chip golden brown 6 minute meanwhile stir together mayonnaise creole mustard lemon juice smoked paprika small bowl serve dipping sauce pickle,6,4
air fryer sweet potato chip,air fryer recipe,air fryer appetizer snack recipe,use air fryer make yummy sweet potato chip much experimenting found best chip came mandoline set hair thicker 116 inch 332 inch thick,1 8 ounce sweet potato 1 canola oil 14 sea salt 14 freshly black pepper cooking spray,slice potato 116inchthick round using mandoline put potato slice large bowl cold water soak 20 minute drain pat dry paper towel wipe bowl return potato slice dried bowl add oil salt pepper toss gently coat preheat air fryer 350 degree f 175 degree c lightly coat air fryer basket cooking spray working batch needed arrange potato slice even layer basket overcrowd cook lightly golden crispy 12 16 minute turning rearranging chip even layer every 4 minute watch closely last 2 3 minute cooking check chip every 30 second using tongs remove golden chip basket needed avoid overcooking ending bitter chip let chip cool 5 minute chip continue crisp coolstore airtight container 3 day,5,5
air fryer green bean fry,air fryer recipe,air fryer appetizer snack recipe,green bean fry get extra crispy cooked air fryer fresh green bean first parboiled seasoned air fried served special sauce,1 lb fresh green bean trimmed 12 water 1 flour 1 large egg 13 milk 2 bread crumb 1 chili powder 1 garlic powder 1 onion powder 14 salt cooking spray lemon wedge serving,combine bean water saucepan cover bring boil cook bean bright green crisptender 4 minute drain transfer bowl ice water preheat air fryer 375 degree f 190 degree c put flour bowl another bowl whisk together egg milk third bowl stir together bread crumb chili powder garlic powder onion powder salt drain bean pat dry paper towel toss bean flour coat shaking excess dip egg mixture bread crumb coat shaking excess working batch needed arrange bean even layer air fryer basket lightly coat cooking spray cook turning halfway golden brown 4 minute like keep fry warm 250 degree f 95 degree c oven meanwhile stir together mayonnaise ketchup mustard pickle steak seasoning cayenne pepper small bowl special sauce serve green bean fry special sauce lemon wedge,12,6
air fryer honey garlic chicken wing,air fryer recipe,air fryer appetizer snack recipe,crispy air fryer honey garlic chicken wing flavor explosion mouththe perfect combination crispy juicy chicken wing stickysweet honey garlic sauce right amount heat cayenne pepper wing easy make air fryer satisfy craving tasty indulgent snack whether youre hosting party looking delicious appetizer wing sure impress guest begging recipe,1 baking powder 1 salt 12 black pepper 12 garlic powder 12 paprika 14 cayenne pepper 2 pound chicken wing 12 honey 14 soy sauce 2 clove garlic 1 ginger root 1 cornstarch 1 water 2 green onion,preheat air fryer 400 degree f 200 degree c mix baking powder salt black pepper garlic powder paprika cayenne pepper together small bowl pat chicken wing dry paper towel toss spice mixture evenly coated arrange wing single layer air fryer basket cook wing preheated air fryer crispy golden brown juice clear meat longer pink bone 20 25 minute instantread thermometer inserted near bone read 165 degree f 74 degree c meanwhile make honey garlic sauce stir honey soy sauce garlic ginger together small saucepan medium heat separate small bowl whisk together cornstarch water smooth add saucepan cook sauce thickens 1 2 minute transfer wing large bowl pour honey garlic sauce wing toss coat evenly garnish green onion serve hot,14,7
air fryer cheese curd,air fryer recipe,air fryer appetizer snack recipe,use air fryer make cheese curd looking cut grease wisconsin fried cheese curd everywhere quite often greasy air fried cheese curd give nice golden color traditionally fried cheese curd allow ooey gooey cheese star go ahead dipor dunk roasted garlic aioli taste bud thank jbj soul seasoning blend jbj soul kitchen give cheese curd little extra kick perfect party enjoy watching favorite game need feed cheese curd cravingsthese air fried cheese curd become new favorite,3 clove garlic peeled 1 extra virgin olive oil 12 soul food seasoning 12 mayonnaise 1 lemon juice,aioli combine garlic clove olive oil 12 soul seasoning small bowl toss coat wrap garlic tightly small piece foil preheat air fryer 375 degree f 190 degree c place wrapped garlic air fryer basket air fry 15 minute remove garlic air fryer place small bowl mash roasted garlic back spoon let stand 30 minute stir mayonnaise lemon juice mashed garlic well combined cover refrigerate 30 minute serving cheese curd place cheese curd large rimmed baking sheet lined parchment paper place tray cheese curd freezer 30 minute meanwhile whisk flour 1 soul seasoning together shallow bowl whisk egg milk together separate bowl smooth cohesive stir panko remaining 3 soul seasoning together third shallow bowl remove cheese curd freezer working batch dip cheese curd flour coat well egg mixture making sure shake excess dip curd flour mixture egg mixture finally dip curd panko fully coat breadcrumb use dry hand pack panko stick well place breaded cheese curd back onto baking sheet cheese curd breaded return baking sheet freezer 30 minute preheat air fryer 350 degree f 175 degree c remove tray freezer using mister lightly spray side cheese curd vegetable oil coat air fryer basket nonstick cooking spray working batch place cheese curd air fryer basket single layer air fry golden brown crispy side flipping halfway cooking time 4 6 minute let stand air fryer 1 2 minute serving serve roasted garlic aioli,5,10
air fryer halloumi fry,air fryer recipe,air fryer appetizer snack recipe,air fryer halloumi fry simple make perfect quick snack taco flavor mild allowing cheese star brought life dipped sauce typically also serve salsaboth good partner halloumi fry,14 sour cream 1 fresh cilantro 1 lime juice 1 lime zest 12 riracha optional,combine sour cream cilantro lime juice lime zest sriracha small bowl mix well refrigerate ready use preheat air fryer 390 degree f 199 degree c spray air fryer basket cooking spray line disposable parchment liner cut halloumi fryshaped stick 12inch thick size steak fry try keep uniform size cook evenly pat dry paper towel mix flour taco seasoning chili powder together bowl add halloumi toss well coated place fry prepared air fryer basket sure overcrowd overlap spray lightly cooking spray cook 5 6 minute cooking time may vary depending size brand air fryer may fry batch serve immediately dipping sauce,5,6
air fryer cauliflower bite,air fryer recipe,air fryer appetizer snack recipe,crispy cauliflower bite cooked air fryer make great appetizer side dish like dipped remoulade sauce,2 large egg 14 cream 12 onion powder 14 salt 14 black pepper 1 pork rind 1 parmesan cheese 1 smoked paprika 14 cayenne pepper taste 12 salt taste 4 cauliflower cut bitesized piece avocado oil cooking spray 12 remoulade sauce optional,preheat air fryer 370 degree f 188 degree c whisk egg cream onion powder salt black pepper together medium bowl stir crushed pork rind parmesan cheese smoked paprika cayenne salt together large bowl coat cauliflower piece egg mixture toss crumb mixture place coated cauliflower piece single layer parchment lined plate spray oil place cauliflower piece sprayed side single layer preheated air fryer spray oil may need fry cauliflower batch air fry 7 minute turn carefully continue air fry tender golden 3 minute serve hot remoulade sauce dipping,13,5
air fryer wonton mozzarella stick,air fryer recipe,air fryer appetizer snack recipe,need great appetizer cheesy air fried mozzarella stick couldnt easierand since use air fryer mess minimum serve warm marinara pizza sauce dipping,4 egg roll wrapper 4 mozzarella cheese stick string cheese stick 14 water needed cooking spray 3 melted butter 2 garlic 1 parsley 12 marinara sauce needed serving,preheat air fryer 350 degree f 175 degree c lay egg roll wrapper cutting board corner facing left right place cheese stick across center wrapper roll bottom corner wrapper cheese stick fold left right corner seal dab water finish rolling wrapper seal top corner dab water repeat cheese stick wrapper place roll basket air fryer spray lightly cooking spray air fry 5 minute open air fryer turn roll air fry golden crisp 5 minute meanwhile stir melted butter garlic parsley together small bowl remove roll plate brush garlic sauce,8,4
tiktok air fryer bagel chip,air fryer recipe,air fryer appetizer snack recipe,crispy flavorful bagel chip toasted air fryer maximum crunch add cheese board pair favorite party dip recipe work best dayold stale bagel havent sliced,1 day old bagel 1 olive oil 1 garlic powder 1 italian seasoning 1 freshly grated parmesan cheese optional,slice bagel top bottom 18 inchthick round add bagel slice large bowl add olive oil garlic powder italian seasoning grated parmesan cheese stir fully coated preheat air fryer 350 degree f 175 degree c arrange bagel slice single layer cook 57 minute flipping halfway move chip paper towellined plate remove excess oil chip crisp cool,5,5
air fryer lemon pepper roasted cashew,air fryer recipe,air fryer appetizer snack recipe,youve never started raw roasted cashew treat roasting air fryer make cinch golden brown pop mouth nothing like youll ever get,1 raw cashew 1 olive oil u00bd lemonpepper seasoning u00bd garlic powder u00bd salt,place raw cashew bowl add olive oil toss coat sprinkle lemon pepper seasoning garlic powder salt toss coat preheat air fryer 330 degree f 165 degree c spread seasoned cashew basket air fryer cook 3 minute shake basket cook golden brown 4 minute transfer cashew paper towel lined plate let cool completely store leftover airtight container,5,5
air fryer pretzel crescent roll,air fryer recipe,air fryer appetizer snack recipe,air fried croissant pretzel made refrigerated crescent roll dough perfect game day appetizer serve side beer cheese dip,1 quart water u00bc baking soda 1 8 ounce package refrigerated crescent roll dough pretzel salt cooking spray,place large stock pot high heat add water bring boil high heat meanwhile shape crescent desired shape preheat air fryer 350u00b0 preheat air fryer 350 degree f 175 degree c line air fryer basket fitted piece parchment generously spray cooking spray water boiling carefully add baking soda bubble lower crescent roll brine spider strainer boil 5 second transfer onto parchment paper air fryer basket sprinkle salt air fry crescent roll cooked golden 12 minute serve immediately,5,5
crispy air fryer chickpea,air fryer recipe,air fryer appetizer snack recipe,perfect snacking game day topping salad replace crouton airfried chickpea addictive pack ton flavor little bit heat,1 15 ounce chickpea drained 2 chililime seasoning tajinu00ae 1 olive oil u215b cayenne pepper,rinse chickpea colander allow drain dry 20 minute preheat air fryer 350 degree f 175 degree c 5 minute transfer chickpea bowl add tajin olive oil cayenne stir evenly combined spread chickpea air fryer basket cook 5 minute shake basket cook 5 minute shake one time continue cooking chick pea crisp 5 minute transfer paper towel lined plate let sit 10 minute,4,5
air fryer chickpea,air fryer recipe,air fryer appetizer snack recipe,air fryer chickpea vibrant tajin seasoning unique chili pepperlime flavor enjoy snack salad topper option crouton soup great way add healthy fat extra protein diet,1 155 ounce chickpea drained rinsed u00be avocado oil 2 chililime seasoning tajinu00ae u00bc garlic powder 1 pinch cayenne pepper taste salt taste,preheat air fryer 400 degree f 200 degree c spray air fryer basket cooking spray use parchment liner place chickpea paper towellined plate dry patting another paper towel top add dried chickpea medium bowl drizzle avocado oil sprinkle tajin garlic powder cayenne toss coat transfer chickpea air fryer basket cook stirring shaking halfway reach desired crispness 12 15 minute cooking time may vary depending brand size air fryer season salt allow chickpea cool slightly,6,4
air fryer chicken bite parmesan cheese,air fryer recipe,air fryer appetizer snack recipe,crispy chicken bite made simple air fryer serve marinara dipping desired,2 olive oil 2 worcestershire sauce 1 dried italian seasoning u00bd garlic powder u00bc salt u215b freshly black pepper 1 pound skinless boneless chicken breast cut 1inch cube 2 flour cooking spray u00bc parmesan cheese 2 fresh parsley,whisk olive oil worcestershire italian seasoning garlic powder salt pepper together bowl add chicken cube stir coat preheat air fryer 370 degree f 185 degree c 10 minute add flour chicken mixture stir coat liquid absorbed place chicken basket air fryer cook 8 minute using tongs flip piece spray top nonstick cooking spray cook 8 minute sprinkle parmesan cheese parsley chicken cook cheese started melt 2 minute serve immediately,11,5
air fryer halloumi,air fryer recipe,air fryer appetizer snack recipe,fried halloumi pub england often served appetizer instant love breeze make air fryer like serve sliced cherry tomato freshly herb occasionally drizzle balsamic glaze,8 ounce halloumi cheese 2 olive oil cooking spray,preheat air fryer 360 degree f 180 degree c slice halloumi 6 equal slice cut slice half dry paper towel brush side olive oil lightly spray air fryer basket cooking spray place halloumi slice basket making sure theyre touching may cook two batch cook 7 9 minute golden brown make sure overcook turn rubbery serve immediately,3,4
air fryer ranch chicken bite,air fryer recipe,air fryer appetizer snack recipe,incredibly tender flavorful kid love much adult serve appetizer salad topping game day snack taco wrap filling favorite dip,1 pound boneless skinless chicken thigh trimmed cut 1inch cube 2 avocado oil 1 white vinegar 1 u00bd dry ranch dressing mix hidden valley ranchu00ae 1 garlic powder u00bd salt u00bd freshly black pepper 3 extrasharp cheddar cheese 1 fresh parsley,combine chicken avocado oil white vinegar ranch powder garlic powder salt pepper large bowl stir well chicken coated cover marinate fridge 30 60 minute much longer texture become mushy preheat air fryer 380 degree f 190 degree c place chicken cube air fryer basket single layer touching air fry chicken longer pink center juice run clear flipping edge start brown sure overcook 8 11 minute instantread thermometer inserted near bone read 165 degree f 74 degree c cooking time may vary depending brand size air fryer may need cook batch sprinkle chicken cheddar cheese return air fryer cheese melt 30 second serve warm garnished parsley,9,4
healthier jalapeño popper,air fryer recipe,air fryer appetizer snack recipe,try jalapeño popper air fryer flavor upgrade start greekstyle yogurtbased filling mix favorite cheese seasoning fresh herb popper 30 calorie 50 milligram sodium,1 8 ounce package reducedfat cream cheese neufchu00e2tel softened u00bd gouda cheese u00bc plain greekstyle yogurt 1 fresh oregano 1 saltfree italian seasoning 2 clove garlic 1 pound jalapeno pepper halved seeded 2 wholewheat panko bread crumb,filling stir together cream cheese gouda yogurt oregano italian seasoning garlic bowl transfer filling piping bag fitted tip small ziptop plastic bag snip corner pipe filling pepper half put panko small dish dip pepper filling side panko coat lightly coat panko cooking spray preheat air fryer 375 degree f 190 degree c airfry pepper panko side working batch needed tender lightly browned 8 minute f like garnish additional fresh herb,8,3
air fryer pizza bomb,air fryer recipe,air fryer appetizer snack recipe,delicious pizza bomb easy quick make made less 30 minute 4 ingredient perfect finger food great snacking quick lunch family love,cooking spray 1 19 ounce southernstyle flaky refrigerated biscuit pillsbury grandsu00ae 32 slice pepperoni 16 mozzarella cheese 8 spaghetti sauce 2 butter melted,preheat air fryer 350 degree f 175 degree c line air fryer basket parchment paper spray parchment paper nonstick cooking spray separate biscuit 8 piece flatten 6 inch large disc top disc 1 spaghetti sauce spread within 14 inch edge top 2 cheese 4 slice pepperoni overlapping pull side biscuit pinch together seal place biscuit air fryer basket sealed side brush butter cook air fryer golden brown 4 6 minute flip biscuit brush remaining butter air fry side golden brown well additional 3 5 minute,6,4
air fryer puffed butter bean,air fryer recipe,air fryer appetizer snack recipe,crispy outside creamy inside puffed butter bean new favorite healthy snack cooked air fryer create golden savory shell bean add delicious texture soup salad snack mix toss favorite fresh dried seasoning add even flavor,1 16 ounce large butter bean drained rinsed 1 olive oil 1 salt 1 freshly black pepper 1 garlic powder optional preferred seasoning blend,stir together butter bean olive oil salt pepper garlic powder bowl combined spread air fryer basket preheat air fryer 400 degree f 200 degree c air fry golden crispy tossing halfway 12 15 minute sprinkle additional seasoning taste like store airtight container 3 5 day,6,4
easy air fryer cream cheese wonton,air fryer recipe,air fryer appetizer snack recipe,fun easy appetizer whip last minute guest using air fryer make less messy easy make many want,6 wonton wrapper 3 chive onion cream cheese 2 finely cilantro taste dried parsley water oil sealing,set air fryer 350 degree f 175 degree c lay six wonton skin cutting board point facing like diamond place approximately 1 round cream towards bottom corner sprinkle cilantro parsley cream cheese rub little water along edge bottom wonton gently fold top portion wonton cream cheese meet two point together seal together one finger ensuring cream cheese leak air bubble fold long corner triangle form little packet seal water brush wonton bit vegetable oil air fry oil side 5 minute flip dab wonton little oil fry brown likening additional 3 4 minute,5,6
air fryer smoked salmon wonton,air fryer recipe,air fryer appetizer snack recipe,savory little bundle five ingredient little timeconsuming first come together quickly get hang perfect appetizer large crowd also make ahead time see cook note,1 6 ounce package cream cheese softened 3 ounce coldsmoked salmon finely 1 u00bd caper 1 u00bd finely red onion 48 wonton wrapper water needed cooking spray,combine cream cheese salmon caper red onion bowl fill second small bowl water working 6 wonton wrapper time separate onto clean work surface place 1 salmon mixture center wonton overfill mixture may ooze dip finger bowl water lightly wet 4 edge wonton wrapper gently fold half diagonally make triangle seal edge try leave excess air wonton cause burst lightly wet bottom triangle fold right side middle left side pressing edge seal set wonton aside covered damp paper towel finish making remaining wonton preheat air fryer 330 degree f 166 degree c generously mist side wonton cooking spray place many wonton air fryer basket fit without overcrowding airfry 5 minute flipping halfway remove cooling rack let cool cook remaining wonton batch best served slightly warm room temperature,7,6
airfried raspberry brie bite,air fryer recipe,air fryer appetizer snack recipe,melty brie cheese sweet raspberry jam packaged together layer light crispy phyllo dough ultimate bitesized appetizer ingredient little bit assembly youll decadently delicious dish guest go crazy feel free swap favorite cheese jam customize saltysweet bite,1 8 ounce round brie cheese 1 8 ounce package phyllo dough thawed 1 raspberry jam 1 butter melted 2 honey flakey salt taste,gather ingredient slice brie square u00bd inch thick 1 1 u00bd inch wide roll 1 sheet phyllo dough vertically large work surface brush bottom half dough melted butter fold top half onto place 1 piece cheese bottom center dough 2 inch edge spoon 2 raspberry jam onto cheese brush melted butter around rest dough fold bottom 2 inch dough cheese fold side brush butter onto remaining dough carefully roll filling upwards wrapped fully brush butter top set air fryer tray set air fryer 375 degree f 190 degree c air fry batch avoid overcrowding goldenbrown 4 5 minute garnish thin drizzle honey pinch flakey salt serve immediately,6,7
spicy chicken jerky air fryer,air fryer recipe,air fryer appetizer snack recipe,chicken jerky knew knew could make jerky air fryer plan ahead spicy snack chicken need time marinate airfry,2 5 ounce boneless chicken breast cut strip u00bd mojo criollo marinade goyau00ae 2 cajun seasoning 6 wooden skewer,combine chicken strip marinade cajun seasoning resealable plastic bag refrigerate 8 hour overnight measure skewer fit across air fryer basket slightly overlapping edge trim excess length preheat air fryer 180 degree f 80 degree c 10 minute thread chicken strip onto skewer leaving room strip air fryer preheating air fry 1 hour 15 minute adjust cooking time air fryer maximum setting 30 minute rearrange skewer reset time increase temperature 200 degree f 95 degree c air fry additional 15 minute remove strip paper towellined storage container seal allow rest overnight serving,4,7
airfryer veggie stick,air fryer recipe,air fryer appetizer snack recipe,lessindulgent take french fry try airfried veggie stick toss root vegetable choice seasoning blend airfry serve citrusherb dip,1 pound assorted root vegetable carrot parsnip beet onion sweet potato peeled cut bitesize piece 1 olive oil 1 seasoning blend u00bc salt u00bc freshly black pepper u00bd plain greekstyle yogurt 1 lemon zest 1 lemon juice 1 fresh herb u215b salt u215b freshly black pepper,preheat air fryer 400 degree f 200 degree c add root vegetable large bowl toss oil seasoning 14 salt 14 pepper working batch needed spread stick airfryer basket airfry turning stirring halfway stick tender golden 18 minute stir together yogurt citrus zest citrus juice herb 18 salt 18 pepper small bowl dip serve dip veggie stick,11,4
air fryer chicken taquitos,air fryer recipe,air fryer appetizer snack recipe,air fryer taquitos fast easytomake dinner using rotisserie chicken save time also use leftover cooked chicken serve sour cream mexican tomato sauce guacamole choose favorite side,1 vegetable oil 2 diced onion 1 clove garlic 2 green chile ortegau00ae 2 mexicanstyle hot tomato sauce el patou00ae 1 rotisserie chicken u00bd mexican cheese blend 2 neufchu00e2tel cheese salt black pepper taste 6 corn tortilla avocado oil cooking spray,gather ingredient heat oil skillet medium heat add onion cook soft translucent 3 5 minute add garlic cook fragrant 1 minute add green chile mexican tomato sauce stir combine add chicken mexican cheese blend neufchu00e2tel cheese cook stir cheese melted mixture warmed 3 minute season taste salt pepper heat tortilla skillet directly grate gas stove soft pliable place 3 chicken mixture center tortilla fold roll taquitos preheat air fryer 400 degree f 200 degree c place taquitos single layer air fryer basket making sure touching mist avocado oil cook golden brown 6 9 minute turn taquitos mist avocado oil air fry crispy 3 5 minute serve enjoy,11,6
air fryer pasta chip,air fryer recipe,air fryer appetizer snack recipe,pasta chip crunchy salty delicious like plain feel free serve marinara dipping sauce desired store airtight container,2 farfalle pasta 1 olive oil u00bd grated parmesan cheese 1 garlic powder 1 italian seasoning u00bd salt,gather ingredient bring large pot lightly salted water boil add pasta cook stirring occasionally tender yet firm bite 8 minute drain rinse let sit 2 minute preheat air fryer 400 degree f 200 degree c meanwhile transfer pasta large bowl drizzle olive oil stir parmesan cheese garlic powder italian seasoning salt evenly combined arrange 14 pasta single layer air fryer basket cook preheated air fryer 5 minute flip cook 2 3 minute transfer paper towellined plate break apart pasta chip stuck together let cool completely repeat remaining pasta serve choice dip enjoy,6,7
air fryer calamari,air fryer recipe,air fryer appetizer snack recipe,calamari air fryer recipe let enjoy crispy calamari guiltfree serve cocktail sauce lemon wedge desired,u00bd flour 1 large egg u00bc milk 2 panko bread crumb 1 sea salt 1 black pepper 1 pound calamari ring patted dry nonstick cooking spray,preheat air fryer 400 degree f 200 degree c place flour bowl whisk egg milk separate bowl combine panko salt pepper third bowl coat calamari ring first flour egg mixture finally panko mixture place ring basket air fryer none overlap work batch needed spray top nonstick cooking spray cook preheated air fryer 4 minute flip ring spray nonstick cooking spray cook browned crispy 3 minute,8,5
air fryer zucchini chip,air fryer recipe,air fryer appetizer snack recipe,crispy air fryer zucchini chip perfect way make use abundant zucchini garden serve marinara creamy dip,1 panko bread crumb u00be grated parmesan cheese 1 medium zucchini thinly sliced 1 large egg beaten cooking spray,gather ingredient preheat air fryer 350 degree f 175 degree c combine panko parmesan cheese plate dip 1 zucchini slice beaten egg panko mixture pressing coat place zucchini slice wire baking rack repeat remaining slice lightly spray zucchini slice cooking spray arrange zucchini slice single layer air fryer basket working batch necessary cook preheated air fryer 10 minute flip slice cook 2 minute repeat remaining zucchini slice,5,5
lumpia air fryer,air fryer recipe,air fryer appetizer snack recipe,recipe forlumpiain air fryer result crispiness without deepfry taste bud never know difference waistline,1 pound italian hot sausage link u00bd finely sliced green onion u00bd finely carrot u00bd finely water chestnut u00bc diced onion 2 clove garlic 2 soy sauce u00bd salt u00bc ginger 16 spring roll wrapper avocado oil cooking spray,remove casing sausage cook skillet medium heat slightly browned 4 5 minute add green onion carrot water chestnut onion cook stir onion soft translucent 5 7 minute add garlic cook 1 2 minute season soy sauce salt ginger stir filling well combined remove heat lay spring roll wrapper angle place scant 14 filling center wrapper fold bottom corner filling tuck side form roll use finger lightly moisten edge water repeat remaining wrapper filling mist roll avocado oil cooking spray preheat air fryer 390 degree f 198 degree c place lumpia roll air fryer basket making sure touching cook batch necessary fry 4 minute flip cook skin crispy 4 minute,11,4
air fryer stuffed mushroom,air fryer recipe,air fryer appetizer snack recipe,air fryer stuffed mushroom easy make cook 10 minute air fryer make perfect gameday snack theyre also impressive first course youre dinner friend,1 16 ounce package whole white button mushroom 2 scallion 4 ounce cream cheese softened u00bc finely sharp cheddar cheese u00bc paprika 1 pinch salt cooking spray,gently clean mushroom damp cloth remove discard stem mince scallion separating white green part preheat air fryer 360 degree f 182 degree c mix cream cheese cheddar cheese scallion white paprika salt together small bowl stuff mixture mushroom pressing gently back small spoon fill cavity spray air fryer basket cooking spray set mushroom inside without overcrowding may need work batch airfry mushroom filling lightly browned 8 minute transfer serving plate sprinkle mushroom scallion green let cool 5 minute serving,7,7
air fryer spicy salmon bite avocado lime sauce,air fryer recipe,air fryer appetizer snack recipe,air fryer spicy salmon bite avocado sauce feel fancy home cooking simple skinless salmon bite take 5 minute air fryer topped homemade avocado lime sauce using cottage cheese base,1 onion powder 1 granulated garlic 1 brown sugar 14 red pepper flake 1 sesame oil 2 ounce skinless salmon filet cut 1inch piece,preheat air fryer 400 degree f 200 degree c according manufacturer instruction combine onion powder garlic powder brown sugar red pepper flake sesame oil small bowl mix rub salmon spice mixture side spray air fryer basket oil place salmon basket cook preheated air fryer salmon flake easily fork browned 5 minute shaking halfway cooking time place cottage cheese avocado garlic salt lime zest lime juice jar blender blend high sauce smooth well mixed 1 2 minute serve salmon bite avocado lime sauce,6,5
20 layer air fryer nacho,air fryer recipe,air fryer appetizer snack recipe,layered air fryer nacho fully loaded party seasoned sirloin tortilla chip chile cheese sour cream jalapeno tomato,2 lb sirloin 1 onion divided 1 package taco seasoning 12 water 1 12 bag 20 ounce tortilla chip divided 16 ounce cheddar cheese divided 2 24ounces can diced green chile 1 15 ounce black bean drained rinsed divided 1 salsa 12 pickled jalapeno plus garnish desired 1 225ounce black olive drained 8 ounce sour cream 1 avocado peeled diced 2 oma tomato seeded diced 12 cilantro,heat large skillet mediumhigh heat add beef onion cook crumbling spoon stirring often browned add taco seasoning water cook slightly thickened 3 minute remove heat line bottom deep air fryer basket parchment paper allow parchment come side arrange layer chip along bottom top half beef mixture sprinkle 13 cheese top spoon green chile cheese top second layer chip sprinkle half bean evenly chip top salsa second third cheese arrange last layer chip cheese top remaining bean add sliced jalapeno remaining cheese olive set air fryer 350 degree f 175 degree c cook cheese melted begin brown 6 8 minute using parchment paper carefully lift nacho air fryer basket onto serving platter top sour cream avocado tomato cilantro additional topping desired serve immediately,15,4
air fryer onion ring,air fryer recipe,air fryer appetizer snack recipe,air fryer onion ring better deepfried counterpart theyre battered breaded airfried crispy perfection,u00be flour u00bd cornstarch 2 baking powder 1 salt 1 large onion cut ring 1 milk 1 large egg 1 bread crumb cooking spray 2 pinch garlic powder 2 pinch paprika,stir flour cornstarch baking powder salt together small bowl dip onion ring flour mixture coated place onto plate stir milk egg remaining flour mixture using fork dip floured ring batter coat place onto wire rack batter stop dripping place bread crumb shallow dish place ring one time bread crumb scooping crumb top evenly coated give ring hard tap remove crumb coating cling well heat air fryer 400 degree f 200 degree c according manufacturer instruction place ring air fryer basket sidebyside without overlapping spray lightly cooking spray flip ring place basket air fryer cook ring golden brown 2 3 minute flipping halfway drain paper towel sprinkle garlic powder paprika,11,5
air fryer heart palm stick,air fryer recipe,air fryer appetizer snack recipe,id never seen recipe air fryer heart palm stick id seen artichoke heart mozzarella stick fried air fryer thoughtwhy pleasant surprise take look mozzarella stick tangy meaty texture center serve marinara sauce dipping ranch salad dressing would also great,14 flour 14 salt 18 black pepper 1 large egg 14 talian bread crumb 2 panko bread crumb 2 grated parmesan cheese 1 14 ounce heart palm drained cooking spray,stir flour salt pepper together shallow bowl beat egg fork separate shallow bowl stir together italian breadcrumb panko breadcrumb grated parmesan third shallow bowl line baking sheet parchment paper roll 1 heart palm seasoned flour dip egg roll seasoned bread crumb place prepared baking sheet repeat remaining heart palm transfer baking sheet freezer 20 minute meanwhile preheat air fryer 400 degree f 200 degree c spray heart palm stick olive oil place basket preheated air fryer cook 6 minute roll stick cook coating crisp 6 minute serve immediately,9,6
air fryer blooming onion,air fryer recipe,air fryer appetizer snack recipe,use air fryer prepare blooming onion fun appetizer resembling flower serve dipping sauce shared appetizer,1 milk 1 large egg 1 flour 34 salt 34 cayenne pepper 12 paprika plus garnish 14 black pepper 14 dried oregano 18 dried thyme 18 cumin 1 large 14 16ounces sweet onion cooking spray,preheat air fryer 375 degree f 190 degree c whisk together milk egg bowl combined large bowl stir together flour salt cayenne pepper paprika black pepper oregano thyme cumin slice 1 inch top onion remove papery skin remove 1inchdiameter core middle onion using apple corer paring knife leaving bottom root end intact use large sharp knife slice threefourths way center onion turn onion 90 degree slice keep slicing section half 16 section careful cut bottom onion spread section apart dip onion milk mixture flour mixture coat separating petal sprinkling flour mixture dip onion milk mixture flour mixture coat coat onion cooking spray arrange onion air fryer basket cook crispy 20 25 minute stir together mayonnaise horseradish sauce ketchup paprika salt dried oregano cayenne pepper black pepper small bowl chill blooming onion ready serve blooming onion dipping sauce garnish additional paprika,12,7
air fryer tempura vegetable,air fryer recipe,air fryer appetizer snack recipe,air fryer make easy cook tempura vegetable formula create customized tempurabattered veggie using different vegetable seasoning dipping sauce,2 large egg white 14 seltzer water 12 flour 14 seasoning see variation 12 salt 14 black pepper 2 vegetable 12 purchased dipping sauce,preheat air fryer 350 degree f 175 degree c beat egg white bowl frothy whisk seltzer wateruntil combined whisk flour seasoning salt pepper batter form coat basket cooking spray dip vegetable batter coated allow excess drip working batch needed arrange vegetable even layer basket cook golden brown 7 minute serve dipping sauce,8,3
air fryer cheesy ranch cracker,air fryer recipe,air fryer appetizer snack recipe,use air fryer ranch dressing mix add little zip favorite cheese cracker give completely different flavor profile spice combination endless ive found ranchflavored one always biggest hit party,3 cheese cracker cheezitu00ae cooking spray 1 ranch salad dressing mix,preheat air fryer 240 degree f 115 degree c place cracker large bowl spray lightly nonstick cooking spray toss coat spray lightly cooking spray toss coat add ranch powder gently toss one last time cracker evenly coated place cracker basket air fryer cook 5 minute shake basket cook toasted 5 minute,3,3
air fryer reubeninspired mozzarella stick,air fryer recipe,air fryer appetizer snack recipe,quick easy make youre swapping swiss cheese traditional reuben mozzarella trust work youll still get flavor love reuben,8 egg roll wrapper 8 dijon mustard 8 slice deli corned beef 8 sauerkraut rinsed well drained 8 mozzarella string cheese stick olive oil cooking spray u00bd thousand island salad dressing taste,preheat air fryer 390 degree f 195 degree c set egg roll wrapper point side onto clean work surface facing spread wrapper dijon mustard within 12 inch edge place slice corned beef center top drained sauerkraut place mozzarella stick bottom pointed end tightly roll halfway fold side continue rolling reach end dip finger water rub around top point wrapper finish rolling seal wrapper lightly spritz air fryer basket olive oil spray line parchment liner place mozzarella stick seam side basket making sure overcrowd lightly spray wrapper olive oil spray cook golden brown 6 8 minute may cook 2 batch depending size air fryer serve immediately thousand island dressing dip,7,5
air fryer crispy cajun blackeyed pea,air fryer recipe,air fryer appetizer snack recipe,crispy outside creamy inside puffed black eyed pea new favorite healthy snack cooked air fryer create golden savory shell pea add delicious texture soup salad snack mix 3 ingredient whats love,1 145 ounce blackeyed pea rinsed drained 1 olive oil 1 u00bd cajun seasoning old bayu00ae,line baking sheet paper towel spread drained pea even layer discarding shell mushed pea pat dry additional paper towel preheat air fryer 400 degree fahrenheit 200 degree c according manufacturer instruction whisk oil cajun seasoning bowl stir pea evenly coated place pea basket air fryer cook 7 minute shake basket cook 7 minute,3,4
air fryer hardboiled egg,air fryer recipe,air fryer appetizer snack recipe,easy air fryer hardboiled egg perfect yolk 15 minute love wait water boil wash pot,6 large egg room temperature,preheat air fryer 250 degree f 120 degree c place egg air fryer basket cook egg preheated air fryer 15 minute transfer egg cold water bath fully cooled 8 10 minute,1,2
air fryer sundried tomato,air fryer recipe,air fryer appetizer snack recipe,past summer found asking going preserve abundance grape tomato garden sun drying thing could come problem wasnt sun air fryer rescue small air fryer wrote 5 ounce 12 grape tomato would easy small batch store airtight container freezer rehydrating pack oil store refrigerator salad soup sauce etc,5 ounce red grape tomato halved u00bc olive oil salt taste,preheat air fryer 240 degree f 115 degree c place tomato small bowl add olive oil salt stir evenly combined transfer tomato half air fryer basket skinside air fry 45 minute using spatula smash tomato half air fry additional 30 minute transfer tomato paper towellined plate let sit 1 hour repeat remaining tomato needing use,3,4
air fryer corn nut,air fryer recipe,air fryer appetizer snack recipe,crunchy salty corn nut made easy healthier thanks air fryer basic recipe feel free add additional flavor cajun seasoning ranch powder bbq seasoning chili powder taco seasoning etc,14 ounce giant white corn goyau00ae 3 vegetable oil 1 u00bd salt,gather ingredient place corn large bowl cover water let sit rehydrate 8 hour overnight drain corn spread even layer large baking sheet pat dry paper towel airdry 20 minute preheat air fryer 400 degree f 200 degree c place corn large bowl add oil salt stir evenly coated working batch place corn air fryer basket even layer cook preheated air fryer 10 minute shake basket cook 10 minute shake basket cook 5 minute transfer corn nut paper towellined plate repeat remaining corn allow corn nut cool crisp serving 20 minute,3,7
air fryer salmon nugget,air fryer recipe,air fryer appetizer snack recipe,crispy outside moist tender inside salmon nugget finished sweet chipotlemaple drizzle make great appetizer also tasty served green try find centercut salmon filet least 1inch thick usually buy extra salmon trim thinner outer edge saving another use like use misto sprayer oil feel free use regular cooking spray,u2153 maple syrup u00bc dried chipotle pepper 1 pinch sea salt 1 u00bd butter garlicflavored crouton 1 large egg 1 1 pound skinless centercut salmon fillet cut 1 12inch chunk cooking spray,combine maple syrup chipotle powder salt saucepan bring simmer medium heat reduce heat low keep warm place crouton bowl mini food processor pulse crushed fine crumb transfer shallow bowl whisk egg separate bowl preheat air fryer 390 degree f 200 degree c sprinkle salmon lightly sea salt lightly dip salmon egg mixture letting excess drip coat salmon crouton breading shake extra set plate mist lightly cooking spray spray basket air fryer cooking spray place salmon nugget inside working batch avoid overcrowding necessary cook preheated air fryer 3 minute gently turn salmon piece spray lightly oil cook salmon cooked throughout 3 4 minute place serving platter drizzle warm chipotlemaple syrup serve immediately,7,6
air fryer pumpkin seed,air fryer recipe,air fryer appetizer snack recipe,crispy air fryer pumpkin seed crunchy delicious hint smoky flavor paprika,1 u00be pumpkin seed 2 avocado oil 1 smoked paprika 1 salt,place pumpkin seed colander rinse well cover plate two paper towel spread pumpkin seed top cover two paper towel gently press remove water let sit room temperature thoroughly dried least 15 minute preheat air fryer 350 degree f 180 degree c transfer dried seed medium bowl add avocado oil paprika salt mix seed well coated place pumpkin seed air fryer basket thin layer even cooking cook preheated air fryer golden brown crispy 15 35 minute shaking basket frequently,4,6
air fryer spicy roasted peanut,air fryer recipe,air fryer appetizer snack recipe,air fryer peanut crunchy spicy salty like portion plastic zip bag take work afternoon snack,2 olive oil 1 seafood seasoning old bayu00ae u00bd cayenne pepper 8 ounce raw spanish peanut salt taste,preheat air fryer 320 degree f 160 degree c whisk together olive oil seafood seasoning cayenne pepper large bowl add peanut stir coat transfer air fryer basket cook preheated air fryer 10 minute toss continue cooking 10 minute remove basket air fryer season peanut salt toss cook 5 minute transfer peanut paper towellined plate let cool,5,4
air fryer hush puppy,air fryer recipe,air fryer appetizer snack recipe,air fryer hush puppy bit denser traditional deepfried fritter overall theyre lighter theyre cooked oil subtle hint heat cayenne pepper theyre perfect sidekick fried fish shrimp theyre equally good drizzle honey,nonfat cooking spray 1 yellow cornmeal u00be flour 1 u00bd baking powder u00bd salt u00bc cayenne pepper taste u00bc garlic powder 2 onion 2 bell pepper u00be lowfat buttermilk 1 large egg,preheat air fryer 390 degree f 198 degree c according manufacturer instruction line bottom air fryer basket foil spray foil cooking spray stir cornmeal flour baking powder salt cayenne garlic powder together large bowl mix onion bell pepper whisk buttermilk egg together separate bowl pour dry ingredient stir combine let mixture rest 5 minute use 2tablespoon scoop drop portion batter prepared basket leave space scoop spray cooking spray cook preheated air fryer golden brown crispy cooked 9 10 minute serve hot,11,5
rice paper breakfast pizza,allrecipes allstar recipe,allrecipes allstar recipe,rice paper breakfast pizza fun take popular street snack wide open variation option delicious breakfast late night bite,2 mayonnaise 1 chile crisp,gather ingredient sizzle sauce stir mayonnaise chili crisp together small bowl set aside season egg salt pepper heat dry nonstick skillet mediumhigh heat add 1 rice wrapper skillet pour half egg wrapper use spoon spread egg edge wrapper sprinkle egg half green onion half cilantro half prosciutto sprinkle half cheese drizzle half sizzle sauce cook egg set cheese melted edge wrapper may crisp brown slightly slide onto plate cut wedge fold like taco repeat remaining ingredient enjoy,2,7
greek stuffed peppersthe delicious allinone meal well make repeat,allrecipes allstar recipe,allrecipes allstar recipe,greek stuffed pepper orzo variation traditional stuffed pepper using orzo place rice beef greek seasoning mint lemon juice bright savory flavor,12 orzo 2 ounce fresh spinach 1 greek seasoning 2 vegetable oil 1 small onion 2 clove garlic 8 ounce beef 1 tomato sauce 1 lemon juice 12 fresh mint 3 bell pepper 13 crumbled feta cheese 2 pine nut,gather ingredient preheat oven 475 degree f 245 degree c lightly grease casserole dish bring large pot lightly salted water boil add orzo cook exactly 6 minute place spinach strainer pour orzo strainer spinach transfer orzo spinach mixing bowl stir greek seasoning set aside meanwhile add oil heavy skillet heat mediumhigh heat shimmering add onion garlic beef cook stir beef browned crumbly 5 7 minute stir 12 tomato sauce add beef mixture orzo mixture add lemon juice mint stir combine taste adjust lemon juice mint taste cut bell pepper half lengthwise carefully remove stem seed rib stuff pepper beef orzo mixture spread remaining 12 tomato sauce bottom prepared casserole dish place stuffed pepper dish cover foil bake preheated oven pepper tender 40 minute remove foil sprinkle pine nut feta cheese pepper bake pine nut lightly toasted 10 minute serve immediately,13,8
garlic butter chicken cutlet,allrecipes allstar recipe,allrecipes allstar recipe,garlic butter chicken cutlet cook quickly stovetop creating nice garlicky pan sauce process theyre versatile main dish night time limited,1 12 salt 34 freshly black pepper 2 italian herb seasoning 6 4 ounce chicken breast cutlet 1 olive oil 2 unsalted butter 1 12 garlic 12 lowsodium chicken broth fresh parsley garnish optional,gather ingredient stir salt black pepper italian seasoning together small bowl pat cutlet dry paper towel cutlet thick one end lightly pound thicker part even cooking sprinkle cutlet side salt herb mixture heat oil butter together large skillet mediumhigh heat oil hot butter melted skillet heat may need turn heat medium place cutlet skillet single layer working batch necessary cook browned side 3 4 minute per side remove chicken skillet plate keep warm skillet add garlic stir scraping browned bit cook stirring garlic fragrant 30 second quickly stir chicken stock bring mixture boil 2 3 minute add browned chicken tender accumulated juice back skillet turning coat tender sauce cook chicken longer pink center juice run clear instant read thermometer inserted near center read 165 degree f 74 degree c remove chicken serving platter simmer juice pan reduced 1 2 minute pour pan sauce chicken garnish fresh parsley,9,8
chicken adobo taco,allrecipes allstar recipe,allrecipes allstar recipe,chicken adobo taco deliciously fuse mexican filipino cuisine wrap chicken adobo flour tortilla top mango salsaso good make mango salsa directed save time using storebought salsa,13 soy sauce 13 white vinegar 3 bay leaf 1 granulated garlic 1 12 pound skinless boneless chicken thigh,gather ingredient combine soy sauce vinegar bay leaf garlic large plastic bag zipper gently squeeze mix well add chicken coat marinade squeeze much air bag possible coat chicken piece marinade seal refrigerate least 20 minute meanwhile combine vinegar fish sauce avocado oil sugar black pepper bowl salsa stir whisk fork sugar dissolved add mango tomato red onion jalapeu00f1o cilantro bowl toss combine refrigerate salsa ready serve taco remove chicken piece marinade reserve marinade heat oil large nonstick skillet mediumhigh heat carefully add chicken thigh brown side 1 2 minute remove chicken plate skillet add onion cook 1 minute stir garlic cook fragrant 30 second add reserved marinade water brown sugar black pepper bring boil return chicken skillet smooth side reduce heat low simmer chicken uncovered 15 minute liquid bubble gently turn chicken simmer 10 minute remove chicken skillet rest cook sauce medium heat syrupy thick reduced 10 minute remove skillet heat remove bay leaf discard slice chicken 12inch slice return skillet coat sauce garnish fresh cilantro green onion desired fill tortilla chicken strip top mango salsa serve immediately,5,10
lemon chicken gnocchi,allrecipes allstar recipe,allrecipes allstar recipe,lemon chicken gnocchi thinly sliced chicken breast lightly seasoned panseared perfection served tender gnocchi tossed vibrant creamy lemon pan sauce,1 unsalted butter 1 olive oil 1 pound skinless boneless chicken breast 1 paprika 12 dried oregano 12 salt 14 black pepper,heat large skillet medium high heat melt butter olive oil skillet thinly slice chicken breast 45degree angle create medallion stir paprika oregano salt pepper together small bowl sprinkle seasoning chicken medallion cook medallion lightly browned longer pink center 2 minute side transfer plate keep warm lemon cream sauce saute garlic skillet without wiping skillet add gnocchi bone broth milk heavy cream simmer 7 minute stir half lemon juice parmesan cheese taste sauce add remaining lemon juice desired flavor achieved season salt pepper return chicken medallion dish garnish basil serve immediately,7,5
shrimp grilled cheese sandwich,allrecipes allstar recipe,allrecipes allstar recipe,shrimp grilled cheese sandwich feature garlic buttersauteed shrimp encased melted cheddar colby jack cheese hot toasted sandwich,1 butter 5 medium shrimp 12 garlic granule 2 slice sandwich bread 1 slice colby jack cheese 1 slice sharp cheddar cheese,place large skillet medium heat add 1 butter add shrimp sprinkle shrimp garlic granule cook shrimp pink opaque slightly curled loose c shape 1 2 minute per side depending size remove shrimp cutting board chop roughly spread thin layer softened butter 1 side bread slice place bread buttered side skillet place slice colby jack cheese bread top shrimp piece place cheddar cheese slice top shrimp place remaining bread slice top sandwich buttered side cook bread golden bottom 2 3 minute carefully turn sandwich spatula cook side golden cheese fully melted 2 3 minute cheese melted time sandwich golden cover skillet 30 60 second,6,4
bulgogi beef stir fry,allrecipes allstar recipe,allrecipes allstar recipe,bulgogi beef stir fry new spin stirfry using beef prep eased seasoned purchased bulgogi sauce need chop vegetable,1 pound lean beef 12 lowsodium soy sauce 1 beef tallow avocado oil 1 white onion 1 red bell pepper 1 head baby bok choy stalk leaf separately divided 2 snow pea 3 clove garlic 5 ounce bulgogi marinade salt freshly black pepper taste 2 cooked white rice cilantro leaf optional,gather ingredient preheat cast iron skillet large wokstyle pan mediumhigh heat lightly season beef salt pepper add beef cast iron skillet allow lightly sear gently breaking small chunk fine add soy sauce cook beef longer pink set aside add beef tallow wok add onion saute get color add bell pepper bok choy stalk stir fry 1 2 minute add snow pea garlic cook stirring regularly ensure everything softens also stay crisp add bok choy leaf last give vegetable 1 full stir add bulgogi marinade stir stir beef mix serve hot white rice garnish cilantro leaf,12,6
domino cooky,allrecipes allstar recipe,allrecipes allstar recipe,domino cooky chewy chocolate cookie made black cocoa white chocolate chip think oreo vibe,12 unsalted butter 12 white sugar 12 brown sugar 12 vanilla vanilla paste 12 kosher salt 1 large egg 1 large egg yolk 2 flour 12 cocoa powder 12 baking soda 1 white chocolate chip extra white chocolate,beat butter white sugar brown sugar vanilla salt together electric mixer light fluffy 2 3 minute using melted butter instead mix combined add egg egg yolk mix incorporated add flour black cocoa powder baking soda mix low speed soft dough come together add white chocolate chip mix combined wrap dough plastic usually take bowl refrigerate firm least 2 hour preferably overnight portion cooky divide roll dough 12 ball 60grams 3 leveled using extra white chocolate press several piece dough ball place refrigerator preheat oven 350 degree f 190 degree c line baking sheet parchment paper place cooky prepared baking sheet fit 6 8 half sheet leaving space spreading bake cooky spread center longer look shiny wet 13 14 minute bang pan carefully counter 1 2 time flatten cooky bit giving chewier center let cool pan enjoy,12,6
4ingredient furikake salmon,allrecipes allstar recipe,allrecipes allstar recipe,4ingredient furikake salmon silky kewpie mayonnaise spicy sriracha crunchy furikake seasoning complement rich salmon serve alongside macaroni salad jasmine rice,1 pound salmon fillet salt freshly black pepper taste 2 kewpie mayonnaise 2 riracha 2 furikake seasoning,gather ingredient preheat oven 375 degree f 190 degree c pat salmon filet dry sprinkle salt pepper stir kewpie mayonnaise sriracha together small bowl brush liberally salmon sprinkle furikake salmon bake preheated oven fish flake easily fork 20 minute serve immediately,5,4
steak creamy peppercorn sauce,allrecipes allstar recipe,allrecipes allstar recipe,strip steak creamy peppercorn sauce definitely pepper lover french cook way sauce rich flavorful au poivre sauce pepper come together quickly,2 12 ounce new york strip steak 12 sea salt 2 whole peppercorn 1 unsalted butter 1 olive oil 14 shallot 4 garlic clove 3 sprig fresh thyme 13 cognac 1 heavy cream,gather ingredient pat steak dry paper towel season side sea salt place whole peppercorn wooden cutting board crack peppercorn iron skillet heavy pan lightly pound peppercorn rub peppercorn circular motion cutting board piece pepper fairly uniform coarse black pepper press cracked pepper side steak let stand room temperature 20 minute heat butter olive oil 10inch iron skillet mediumhigh heat butter stop sizzling oil hot reduce heat medium carefully add steak hot oil cook 3 minute per side instantread thermometer inserted near center read 120 degree f 50 degree c mediumrare remove steak pan tent aluminum foil keep warm skillet mediumlow heat add shallot cook softened 2 minute add garlic thyme sprig cook fragrant 20 second remove pan heat slowly carefully pour cognac adding cognac heat adding quickly could cause ignite return pan burner stir combine cook liquid evaporated stir cream continue cooking sauce thickens enough coat back spoon serve spread sauce serving platter slice steak thinly diagonal place sauce garnish additional thyme sprig desired,10,8
whip highprotein stir fry every sunday easy meal prep,allrecipes allstar recipe,allrecipes allstar recipe,flavorful nutritious turkey stir fry mushroom carrot celery spicy sauce come together quickly busy weeknight serve favorite rice,14 lowsodium soy sauce 1 honey 1 gochujang 1 sesame oil 2 clove garlic,gather ingredient whisk together soy sauce honey gochujang sesame oil garlic small bowl set aside heat 1 vegetable oil wok large skillet mediumhigh heat add mushroom white part green onion carrot celery stirfry veggie stirring constantly crisptender 4 6 minute transfer bowl heat remaining 2 vegetable oil wok add turkey cook stirring every 15 20 second break large chunk evenly browned 5 6 minute return veggie wok pour sauce top stir combine simmer 2 3 minute top green part green onion season taste salt pepper,5,6
smash dumpling taco,allrecipes allstar recipe,allrecipes allstar recipe,smash dumpling taco favorite pork dumpling simplifiedno rolling tuckingby spreading filling flour tortilla cooking smashstyle get flavor youve used tortilla call taco,1 cucumber 1 rice vinegar 12 salt 14 chili flake,combine cucumber rice vinegar salt chili flake small bowl set aside taco filling combine pork garlic sesame oil soy sauce rice vinegar ginger paste green onion bowl mix gently hand fork heat large skillet mediumhigh heat spread 2 filling tortilla flat even layer place tortilla skillet filling side using spatula press cook 3 minute flip cook 2 minute repeat remaining tortilla top pickle garnish cilantro sesame seed sriracha,4,5
oktoberfest beer cheese dip recipe everyone ask,allrecipes allstar recipe,allrecipes allstar recipe,warm beer cheese dip made dark lager sharp cheddar cheese pair well bavarianstyle pretzel bratwurst also work topping slider change ordinary mac cheese,2 butter 3 flour 12 milk 34 german dark beer 2 stone mustard 2 worcestershire sauce 1 freshly grated sharp cheddar cheese 12 aleppo chile pepper optional salt freshly black pepper taste,gather ingredient melt butter heavy saucepan medium heat whisk flour smooth continue whisking pour milk whisk beer cook mixture thickens 3 5 minute stir mustard worcestershire sauce add cheese stir cheese melted stir aleppo pepper season salt black pepper serve immediately,9,5
4ingredient chicken tender weeknight dinner gold,allrecipes allstar recipe,allrecipes allstar recipe,air fryer cooked chicken tender quick easy make surely become family favorite,cooking spray 1 large egg 12 panko bread crumb 2 canola oil 8 chicken tender freshly parsley garnish,gather ingredient preheat air fryer 350 degree f 175 degree c coat basket cooking spray whisk egg small bowl another bowl stir together panko oil loose crumbly dip chicken tender egg allowing excess drip dip chicken panko mixture coat completely working batch needed arrange chicken even layer air fryer basket cook chicken longer pink center juice run clear 12 minute instantread thermometer inserted center read least 165 degree f 74 degree c serve hot garnished freshly parsley enjoy,6,6
italian sushi,allrecipes allstar recipe,allrecipes allstar recipe,italian sushi prosciutto roll like trending tiktok nothing italian favorite wrapped prosciutto resemble sushi roll make delicious easy appetizer,3 slice prosciutto 15 basil leaf 3 oma tomato sliced black pepper taste 3 slice provolone cheese balsamic vinegar needed,lay piece parchment work surface lay 3 slice prosciutto paper making sure piece slightly overlap cover prosciutto basil leaf 5 leaf per slice layer tomato top basil season pepper tear provolone cheese piece lay top tomato drizzle balsamic vinegar starting bottom edge gently roll prosciutto upwards cylinder wrap roll parchment compressing slightly hold together refrigerate roll ready serve slice roll even piece remove parchment drizzle balsamic vinegar,6,5
leftover rotisserie chicken slider,allrecipes allstar recipe,allrecipes allstar recipe,leftover rotisserie chicken slider perfect appetizer game day anytime want something delicious chicken tomato provolone bake golden melty garlicbuttered bun,1 olive oil 1 small onion 2 clove garlic 2 rotisserie chicken 12 bacon salt freshly black pepper taste 6 slider bun 1 rom tomato 4 slice provolone cheese 14 butter fresh parsley,preheat oven 375 degree f 190 degree c add olive oil skillet medium heat cook stir onion garlic fragrant 2 minute stir chicken bacon season lightly salt pepper stir heated coated onion garlic slice slider bun half place bottom half baking dish layer garlic chicken mixture add sliced tomato provolone top close slider top bun small saucepan melt butter pinch garlic garlic powder brush top bun garlic butter bake slider preheated oven cheese melted top golden 8 10 minute optional broil slider 1 minute extra crispy top remove slider oven brush garlic butter garnish parsley youre feeling fancy serve hot melty,11,6
air fryer turkey stuffed pepper,allrecipes allstar recipe,allrecipes allstar recipe,air fryer turkey stuffed pepper colorful tasty take 20 minute air fryer pepper stuffed simple turkey filling italian herb seasoning finished melted mozzarella cheese,3 bell pepper 1 olive oil 34 salt divided taste 1 large egg 14 ketchup 1 12 italian herb seasoning blend 12 red pepper flake 12 black pepper 1 pound turkey 1 cooked rice 1 onion 4 garlic clove olive oil cooking spray 12 mozzarella cheese parsley garnish optional,wash dry pepper cut half top bottom remove seed white membrane trim away stem brush outside pepper half olive oil place work surface cut side sprinkle inside lightly salt 14 total large bowl combine egg ketchup italian seasoning red pepper flake black pepper remaining 12 salt stir vigorously fork small whisk ingredient well blended add turkey cooked rice onion garlic bowl using clean hand mix ingredient evenly combined divide turkey mixture evenly prepared bell pepper half spray top olive oil spray preheat air fryer 350 degree f 180 degree c recommended manufacturer air fry 15 minute sprinkle top pepper evenly mozzarella air fry cheese melted 5 minute pepper done instant read thermometer inserted near center reach 165 degree f 74 degree c garnish italian flatleaf parsley serve warm,15,7
pumpkin chai latte bar,allrecipes allstar recipe,allrecipes allstar recipe,pumpkin chai latte bar pumpkinpielike bar sit atop buttery shortbread crust get extra boost flavor chai tea require good amount time fridge plan ahead,1 12 half half 3 chai tea bag,place halfandhalf small saucepan mediumlow heat cook mixture begin simmer 5 7 minute stirring often remove pan heat add chai tea bag allow mixture steep stirring occasionally 15 minute preheat oven 350 degree f 180 degree c line 8x8inch square pan enough parchment paper overhang side crust beat butter white sugar vanilla salt together large bowl electric mixer smooth combined add flour beat low speed mixture come together form soft dough press dough firmly evenly bottom prepared pan bake preheated oven crust look set 10 12 minute allow cool 5 minute meanwhile filling bowl used crust need wipe bowl beat together pumpkin brown sugar white sugar vanilla cinnamon cardamom salt ginger nutmeg clove allspice electric mixer smooth combined remove tea bag halfandhalf mixture squeeze bag remove much moisture possible discard tea bag mixer running low speed gradually pour halfandhalf mixture pumpkin mixture beat thoroughly incorporated add egg beat low speed incorporated crust cooled 5 minute pour filling evenly top bake preheated oven bar puffed slight jiggle center filling 50 55 minute allow bar cool completely room temperature refrigerate chilled least 4 hour overnight bar chilled lift pan using parchment overhang cut 12 bar desired served topped lightly sweetened whipped cream extra sprinkle cinnamon,2,9
turkey zucchini skillet,allrecipes allstar recipe,allrecipes allstar recipe,turkey zucchini skillet lean delicious familyfriendly onedish dinner plenty vegetable cook quickly perfect weeknight,1 olive oil 1 pound 93 lean turkey 2 zucchini 1 pepper bell pepper 1 small onion 2 clove garlic 1 1525 ounce black bean 1 145 ounce fire roasted tomato 1 14 12 ounce new potato drained rinsed 1 dried basil 1 dried thyme salt freshly black pepper taste fresh parsley,heat olive oil large skillet medium heat add turkey cook meat browned crumbly 4 5 minute add zucchini bell pepper onion stirring occasionally cook veggie tender 5 6 minute stir garlic cook fragrant 30 second stir black bean tomato potato basil thyme season salt pepper reduce heat simmer 5 minute add little water becomes thick garnish parsley red pepper flake serve,13,4
balsamic caprese grilled steak,allrecipes allstar recipe,allrecipes allstar recipe,balsamic caprese grilled steak perfectlygrilled simply marinated steak topped mini caprese salad drizzle balsamic glaze,2 olive oil 1 balsamic vinegar 12 herb 18 garlic 8 ounce strip steak,add olive oil balsamic vinegar herb garlic resealable plastic bag pat strip steak dry add steak marinade reseal bag marinate refrigerator least 30 minute overnight brush grill grate oil grill spray preheat gas grill burner high lid closed 10 15 minute remove steak marinade allow excess drip discard marinade place steak directly grill grate high heat sear lid closed 2 3 minute per side rotate steak 45 degree halfway cooking side crosshatch grill mark move steak indirect heat cook preferred doneness 1 2 minute per side rare strip steak 2 3 minute per side medium rare remove platter keep warm quarter mozzarella pearl cherry tomato slice basil leaf thin strip place topping steak drizzle balsamic glaze serve,5,5
blueberry lemonade martini,allrecipes allstar recipe,allrecipes allstar recipe,blueberry lemonade martini sweet tart cool refreshingly delicious flavor say summer color might make think holiday,2 fluid ounce lemon infused vodka 2 fluid ounce blueberry lemonade 12 luid ounce agave syrup simple syrup 1 lime juice 1 wedge plus 1 slice lemon lime divided chili lime seasoning tajin,add vodka blueberry lemonade agave syrup lime juice cocktail shaker fill cocktail shaker ice shake outside frosted 30 second sprinkle tajin seasoning plate rub rim favorite glass lemon lime wedge dip glass seasoning coat rim strain cocktail glass,6,3
green goddess feta dip,allrecipes allstar recipe,allrecipes allstar recipe,green goddess feta dip blend fresh herb avocado feta lime versatile serve chip cracker use dress grilled steak chicken,5 ounce feta cheese 1 avocado 34 olive oil 2 lime juiced 14 fresh parsley leaf 12 fresh cilantro leaf 14 green onion 1 garlic clove 12 black pepper salt taste,add feta avocado olive oil lime juice parsley cilantro green onion garlic black pepper bowl food processor blend smooth season taste salt,10,1
peach mango habanero chicken thigh,allrecipes allstar recipe,allrecipes allstar recipe,peach mango habanero chicken thigh dryseasoned smoked paprika garlic onion brushed habaneromango hot sauce combined peach preserve finish baking recommended mango habanero sauce spicy use much little need find heat like,2 12 pound skinless boneless chicken thigh 12 salt 12 black pepper 1 smoked paprika 34 granulated garlic 34 granulated onion 34 peach preserve 14 mango ginger habanero sauce 1 lemon zested fresh parsley sprig,preheat oven 400 degree f 200 degree c cover sheet pan foil parchment place chicken thigh work surface blot paper towel small bowl combine salt black pepper smoked paprika granulated garlic granulated onion sprinkle side chicken seasoning mixture place thigh prepared pan bake center preheated oven 15 minute meanwhile sauce combine peach preserve mango habanero salsa lemon zest lemon juice small saucepan medium heat stir frequently peach preserve melted mixture heated sauce bubble remove heat generously coat side chicken thigh sauce return oven return chicken oven bake chicken longer pink center juice run clear 10 minute instant read thermometer inserted near center read 165 degree f 74 degree c garnish parsley lemon serve warm remaining sauce,10,7
dallas spicy habanero salsa,allrecipes allstar recipe,allrecipes allstar recipe,hubby dallas make super spicy habanero salsa habaneros yard careful hot,3 extravirgin olive oil 3 habanero pepper 2 rom tomato 2 garlic clove peeled 14 white onion 1 12 chicken bouillon powder,heat 1 olive oil cast iron skillet heated add habaneros tomato garlic onion roast charred 8 minute place roasted veggie remaining 2 olive oil chicken bouillon blender blend smooth,6,2
banana bread latte,allrecipes allstar recipe,allrecipes allstar recipe,reminiscent banana bread banana bread latte delicious youll make,1 12 medium ripe banana sliced 34 brown sugar substitute swerve 14 mapleflavored syrup pyureu00ae 34 water 12 salt 1 cinnamon 12 banana 12 12 vanilla,gather ingredient combine banana brown sugar substitute maple syrup substitute saucepan mediumlow heat stir sugar melted add water increase heat bring boil reduce heat simmer 12 15 minute remove heat stir salt cinnamon banana maple vanilla use immersion blender whip well combined banana cream foam combine cream banana syrup glass use frother beat foamy caramelized banana melt butter nonstick skillet medium heat stir mapleflavored syrup arrange banana slice single layer skillet cook golden brown caramelized 3 5 minute pour coffee mug combine banana syrup banana hot milk pour coffee top banana cream foam caramelized banana,9,5
banana bread blondies,allrecipes allstar recipe,allrecipes allstar recipe,banana bread blondies soft moist bananay hint cinnamon nutmeg everything love banana bread bar form,12 unsalted butter 12 brown sugar 14 white sugar 1 cinnamon 12 salt 14 nutmeg 1 mashed banana 1 large egg yolk 1 12 vanilla 1 14 flour 14 baking soda 12 walnut,preheat oven 350 degree f 180 degree c line 8x8inch square pan enough parchment paper overhang side large bowl whisk together butter brown sugar white sugar cinnamon salt nutmeg smooth combined add mashed banana egg yolk vanilla mix thoroughly incorporated add flour baking soda whisk combined stir walnut pour batter prepared pan smooth even layer bake preheated oven edge bar golden center bar set 30 35 minute allow bar cool pan 10 minute removing wire rack cool completely,12,3
air fryer dillyroasted japanese eggplant squash,allrecipes allstar recipe,allrecipes allstar recipe,came air fryer dillyroasted japanese eggplant squash recipe abundance japanese eggplant yellow squash garden great thing japanese eggplant dont peel also use zucchini instead yellow squash,1 japanese eggplant 1 yellow squash 13 oil vinegar salad dressing 12 dried dill,preheat air fryer 400 degree f 200 degree c place eggplant squash round large mixing bowl add salad dressing dill toss evenly combined place veggie mixture basket air fryer cook 4 minute shake cook 4 minute,4,3
danish dream cake,allrecipes allstar recipe,allrecipes allstar recipe,danish dream cake soft vanilla cake easy broiled coconutcaramel icing slightly crisp texture contrast nicely tender cake u cake also called lazy daisy cake lazy day cake first cake grandmother taught u make serrated knife help cut topping slicing cake,12 unsalted butter 34 whole milk 3 large egg 1 white sugar 34 salt 14 nutmeg 1 12 vanilla 12 almond 1 12 flour 1 12 baking powder,preheat oven 350 degree f 180 degree c line 8x8inch square pan enough parchment overhang side cake place butter milk microwavesafe bowl cook stirring often butter melted mixture hot 2 2 12 minute add egg white sugar salt nutmeg large bowl beat electric mixer mediumhigh speed mixture lightened color tripled volume 3 5 minute add vanilla almond beat combined add flour baking powder mix low speed nearly incorporated dry bit flour still remain mixer running low speed gradually pour hot buttermilk mixture beat incorporated pour batter prepared pan bake preheated oven toothpick inserted center cake come clean 35 45 minute meanwhile topping place butter milk brown sugar salt nutmeg highsided microwavesafe bowl cook stirring every 1 minute sugar dissolved mixture bubbling 2 3 minute remove microwave stir coconut flake vanilla remove cake oven preheat oven broiler carefully pour topping hot cake gently spread even layer covering top cake place cake broiler broil topping bubbling slightly browned 2 3 minute remove cake oven cool pan 15 minute use parchment overhang remove wire rack cool completely,10,7
harvey crab dip,allrecipes allstar recipe,allrecipes allstar recipe,growing harvey crab dip always table maryland blue crab along saltine cracker quick mix ketchup vinegar worcestershire sauce,34 ketchup 13 apple cider vinegar 2 worcestershire sauce,stir ketchup vinegar worcestershire together bowl smooth combined,3,1
chewy brown butter banana bread cooky,allrecipes allstar recipe,allrecipes allstar recipe,chewy brown butter banana cooky flavor reminiscent banana bread cooky soften sit room tempso help maintain chewy texture keep extra stored airtight container fridge,1 unsalted butter 1 walnut 1 34 banana 1 12 cinnamon 1 salt 14 nutmeg 1 dark brown sugar 14 white sugar 1 large egg yolk 2 vanilla 2 flour 1 cornstarch 12 baking soda,melt butter lightcolored saucepan mediumlow heat add walnut 1 banana cook mediumlow heat stirring frequently banana disintegrate little browned bit butter begin form stick bottom pan 15 20 minute pour mixture large bowl allow cool 15 minute stir cinnamon salt nutmeg butter mixture stir brown sugar white sugar thoroughly combined mix egg yolk vanilla add flour remaining 34 sliced banana cornstarch baking soda stir incorporated cover dough chill refrigerator 1 hour preheat oven 350 degree f 180 degree c line 2 baking sheet parchment scoop 1 12 tablespoonsized ball dough space ball 1 12inches apart prepared baking sheet bake cooky preheated oven edge browned 12 17 minute try bake cooky soft allow cooky cool baking sheet 10 minute removing wire rack cool completely,13,5
onepan sausage gnocchi,allrecipes allstar recipe,allrecipes allstar recipe,onepan sausage gnocchi rustic yet refined skillet meal added convenience easy cleanup,2 unsalted butter 1 12 oounce package chicken sausage 14 ounce frozen gnocchi 2 chicken bone broth 1 clove garlic 2 heavy cream 12 spinach,melt butter skillet medium heat add sausage cook stirring golden 5 minute transfer sausage plate keep warm add gnocchi chicken broth skillet cover cook 4 minute stir whipping cream spinach cook spinach wilted 1 2 minute return sausage skillet stir combine serve immediately,7,3
air fryer potato slice dipping sauce,allrecipes allstar recipe,allrecipes allstar recipe,air fryer potato slice served beer ketchup dipping sauce tasty finger food somewhere french fry potato chip take time make dipping sauceits worth,34 ketchup 12 beer 1 worcestershire sauce 12 onion powder 14 cayenne 2 baking potato olive oil cooking spray 12 garlic powder salt freshly black pepper,combine ketchup beer worcestershire sauce onion powder cayenne small saucepan bring boil reduce heat simmer 3 5 minute remove heat cool cover store refrigerator ready use preheat air fryer 400 degree f 200 degree c spray basket cooking spray line disposable parchment liner slice potato 14inch thick use mandoline one place bowl spray potato olive oil spray sprinkle garlic powder salt pepper give potato good stir place potato single layer air fryer cook shaking occasionally start crisp bit turn golden brown 14 17 minute cooking time vary depending brand size fryer may cook batch remove fryer serve beer ketchup dipping sauce,9,5
beef stir fry,allrecipes allstar recipe,allrecipes allstar recipe,tender beef stir fry easy meal full fresh veggie flavorpacked sauce coat every bite enjoy jasmine rice noodle thing go,1 pound beef 2 clove garlic 2 canola oil avocado oil 12 small head cabbage 1 medium onion 1 bell pepper 4 ounce baby bella cremini mushroom,heat wok large skillet mediumhigh heat add beef cook browned longer pink breaking clump wooden spoon 5 minute stir garlic cook fragrant 30 second drain fat transfer plate set aside heat oil pot add cabbage onion bell pepper mushroom stir cook veggie crisp tender 5 7 minute meanwhile whisk cornstarch 2 soy sauce small bowl make smooth paste whisk beef broth 14 soy sauce sesame oil ginger well combined return cooked beef wok combine veggie pour sauce stir everything evenly coated cook stirring constantly sauce thickens reduces slightly sprinkle sesame seed green onion serve,7,5
baconwrapped chicken skewer,allrecipes allstar recipe,allrecipes allstar recipe,baconwrapped chicken skewer seasoned chicken chunk wrapped bacon slathered bbq sauce served stick get better,1 pound chicken breast 12 olive oil 14 smoked paprika 14 garlic powder 14 onion powder 14 celery seed salt freshly black pepper taste 8 slice bacon cut half crosswise 13 barbecue sauce,preheat oven 350 degree f 180 degree c line large baking sheet aluminum foil place chicken piece large bowl add oil paprika garlic powder onion powder celery seed salt pepper toss evenly coat take chicken piece roll tightly bacon half repeat remaining chicken piece skewer bacon wrapped chicken piece tightly skewer place prepared baking sheet bake skewer preheated oven 30 minute brush bbq sauce skewer bake evenly browned 5 minute,9,5
berry cottage cheese breakfast bowl,allrecipes allstar recipe,allrecipes allstar recipe,berry cottage cheese breakfast bowl simple nourishing bowl thats refreshing filling berry pistachio flaxseed top lowfat cottage cheese nourishing hearty breakfast also beautiful look,12 lowfat cottage cheese 2 large strawberry 3 raspberry 3 blackberry 1 pistachio 1 flaxseed 1 honey,place cottage cheese small bowl arrange strawberry raspberry blackberry pistachio flaxseed sidebyside top drizzle honey,7,1
tomato butter,allrecipes allstar recipe,allrecipes allstar recipe,tomato butter used many different way slather crusty bread add pasta dish,1 pound cherry tomato halved 1 butter softened 2 clove garlic 12 sugar 12 salt taste 14 black pepper taste 1 fresh basil taste,gather ingredient set oven rack 6 inch heat source preheat oven broiler line baking sheet parchment paper set cherry tomato prepared backing sheet cut side broil start char become soft 5 8 minute combine tomato butter garlic sugar salt pepper food processor process smooth let cool cooled add basil leaf process,7,4
loaded olive oil dip,allrecipes allstar recipe,allrecipes allstar recipe,loaded olive oil dip combine rich olive oil white balsamic vinegar date olive sundried tomato feta make great dip favorite crusty bread,13 olive oil 3 white balsamic vinegar 2 sundried tomato oil 1 fresh fresh 4 olive 3 fresh thyme 3 feta black pepper,gather ingredient pour oil balsamic vinegar shallow dish use spoon chopstick mix well position sundried tomato olive date different side shallow dish sprinkle thyme top feta cracked pepper serve crusty bread,8,3
fresh cherry crumb bar,allrecipes allstar recipe,allrecipes allstar recipe,delicious fresh cherry crumb bar use fresh cherry filling even made day advance use sweet cherry tart pie cherry filling adjust amount sugar accordingly even use frozen cherry fresh available make bar easier cut place fridge hour cutting,4 fresh cherry 12 white sugar 2 lemon juice 2 cornstarch 12 lemon zest,filling place cherry sugar saucepan mediumlow heat cook stirring often cherry softened release juice 10 minute small bowl stir lemon juice cornstarch together combined gradually pour cornstarch slurry cherry stirring constantly stir lemon zest continue cook stir mixture thickened 1 2 minute remove heat allow cool completely preheat oven 350 degree f 180 degree c line 9x9inch square pan enough parchment overhang side crust topping whisk flour brown sugar white sugar baking powder salt cinnamon nutmeg together large bowl combined pour melted butter vanilla almond mix fork mixture thoroughly moistened combined somewhat crumbly pour 2 crumb mixture prepared pan press mixture firmly evenly bottom pan pour cooled cherry filling crust spread even layer sprinkle remaining crumb mixture evenly cherry bake preheated oven edge bar begin brown 30 40 minute cool completely pan 1 hour remove using parchment overhang cut 16 bar,5,6
sweet chili chicken creamy lime sauce,allrecipes allstar recipe,allrecipes allstar recipe,sweet chili chicken creamy lime sauce chicken strip marinate sweet chili sauce served rice simple tangy lime sauce flavor upon flavorso good,12 sweet chili sauce 2 lowsodium soy sauce 1 sesame oil 2 garlic paste 1 ginger paste 1 lime juice 12 chili flake 1 pound chicken breast,chicken mariade whisk sweet chili sauce soy sauce sesame oil garlic paste ginger paste lime juice chili flake together large bowl add chicken piece toss coat cover plastic wrap marinate refrigerator 30 minute overnight turn chicken piece twice ensure marinated thoroughly creamy lime sauce combine heavy cream mayonnaise lime zest lime juice chili garlic sauce another small bowl cover plastic wrap refrigerate ready use cover plate platter paper towel remove chicken marinade drain plate pat chicken dry additional paper towel preheat large cast iron skillet grill skillet mediumhigh heat add oil hot skillet working batch necessary add chicken cook carefully turning piece lightly browned side longer pink center instant read thermometer inserted near center read 165 degree f 74 degree c set aside another plate cover keep warm place chicken piece rice individual plate top lime sauce sprinkle green onion cilantro serve,8,5
firecracker chicken meatball,allrecipes allstar recipe,allrecipes allstar recipe,firecracker chicken meatball give big punch flavor spicy sweet savory firecracker sauce theyre perfect bitesize appetizer game day snack main dish,1 large egg 2 jalapeno pepper 1 reducedsodium soy sauce 1 onion powder 1 ginger 2 garlic clove black pepper taste 1 pound chicken 12 panko breadcrumb,gather ingredient preheat oven 475 degree f 245 degree c line large baking sheet foil lightly spray cooking spray stir egg jalapeu00f1o soy sauce onion powder ginger garlic pepper together large bowl add chicken breadcrumb gently mix combined form meatball using 2tablespoon cookie scoop shape wet hand place prepared baking sheet bake preheated oven longer pink center 8 10 minute instantread thermometer inserted center read least 160 degree f 71 degree c meanwhile firecracker sauce combine hot sauce brown sugar soy sauce vinegar worcestershire red pepper flake saucepan mediumhigh heat bring boil reduce heat simmer cook 5 minute stirring occasionally remove heat cool sauce thicken slightly cool dip meatball sauce brush meatball sauce return baking sheet cook additional 1 2 minute drizzle brush additional sauce desired sprinkle parsley serve serve remaining sauce side dipping,9,7
mediterranean dipping oil,allrecipes allstar recipe,allrecipes allstar recipe,mediterranean dipping oil finely herb sundried tomato olive plus lemon zest smoked paprika feta cheese make sunny flavorful oil dip crusty bread,12 olive oil 1 fresh oregano 2 fresh dill 3 feta cheese 2 sundried tomato 2 pimentostuffed olive 1 garlic clove 1 smoked paprika 1 lemon zested 14 salt 14 black pepper,gather ingredient whisk olive oil oregano dill feta sundried tomato olive garlic paprika lemon zest salt pepper together bowl well blended serve enjoy,11,3
big batch espresso martini,allrecipes allstar recipe,allrecipes allstar recipe,try big batch espresso martini stored freezer sweet coffee liqueur smooth vodka fresh brewed espresso combine delicious martini variation,1 750 ml bottle vodka 1 coffee liqueur 4 espresso powder 2 simple syrup 1 pinch sea salt water needed ice coffee bean garnish optional,gather ingredient pour 1 u00bc vodka bottle reserve pouredout vodka another use pour 12 remaining vodka bottle small saucepan warm low heat 1 2 minute boil remove heat immediately whisk espresso powder fully dissolved lump remain allow mixture cool 510 minute proceeding add cooled vodka espresso mixture coffee liquor simple syrup pinch sea salt vodka bottle cap shake gently mix freeze least 4 hour serving note mixture fully freeze due alcohol content serve fill cocktail shaker ice add 3 ounce mixture dilute u00bd ounce water per individual serving shake vigorously 15 20 second strain chilled martini coupe glass garnish 3 coffee bean dusting espresso powder desired,8,6
copycat taco bell baja sauce,allrecipes allstar recipe,allrecipes allstar recipe,copycat taco bell baja sauce easytomake sauce pair perfectly fish shrimp taco mexican dish tortas burrito tostada,1 mayonnaise 1 jalapeno 12 red pepper 2 grated parmesan cheese 12 mustard powder 12 onion powder 12 garlic powder 12 cayenne pepper 12 oregano 12 salt taste 14 black pepper 12 lime juiced,gather ingredient combine mayonnaise jalapeno red pepper parmesan mustard powder onion powder garlic powder cayenne oregano salt black pepper lime juice blender blend smooth refrigerate sauce minimum 1 hour flavor develop,12,3
4ingredient bruschetta dip,allrecipes allstar recipe,allrecipes allstar recipe,make 4ingredient bruschetta dip need quick delicious appetizer boursin cheese grape tomato basil balsamic vinegar could simpler taste fantastic toasted bread cracker,1 52 counce spreadable gourmet cheese 8 grape tomato 5 basil leaf 2 balsamic vinegar 1 small ciabatta roll,gather ingredient spread soft cheese onto plate cover layer tomato top scatter basil top tomato drizzle balsamic serve ciabatta cracker,5,3
state fair pickle lemonade,allrecipes allstar recipe,allrecipes allstar recipe,state fair pickle lemonade sour dill pickle tart lemon bring serious pucker summer favorite,1 lemon 1 dill pickle spear grillos 14 white cane sugar 1 32 ounce pickle container deli container lid wooden muddler ice needed 2 water 14 pickle juice lemon slice pickle spear,gather ingredient combine lemon wedge pickle spear sugar together deli container muddle firmly 1 minute lemon rind broken juice fully extracted mixture aromatic syrupy add ice water pickle juice muddled mixture place lid container shake well insert straw enjoy directly container strain mixture mesh strainer smoother lemonade garnish lemon slice pickle spear enjoy,9,5
golden graham smores bar,allrecipes allstar recipe,allrecipes allstar recipe,summer camp inspired nobake golden graham smores bar come together without ovenor campfire made golden graham cereal marshmallow chocolate chip really bring nostalgia similar rice krispy treat bar low lift high impact,12 plus 1 unsalted butter 1 11 ounce bag milk chocolate semisweet chocolate chip 1 10 ounce bag mini marshmallow divided 1 vanilla 12 salt 1 11 ounce box graham cereal golden grahamsu00ae salt maldon,gather ingredient grease 9x13inch baking dish 1 butter heavybottomed pot double boiler melt remaining 12 butter turn heat add chocolate chip 34 marshmallow stirring constantly return low heat melt evenly may take 5 10 minute stir vanilla salt add golden graham large bowl pour melted mixture toss well coated set aside marshmallow topping stir remaining marshmallow press prepared baking dish top last marshmallow scatter pinch flaky salt refrigerate completely chilled least 1 hour slice sharp knife serve,7,6
green goddess egg salad,allrecipes allstar recipe,allrecipes allstar recipe,green goddess egg salad unique twist traditional egg salad herbrich dressing make great sandwich bread appetizer crostini serve tasty fresh green,6 large hard boiled egg 14 mayonnaise 1 12 fresh dill 1 12 chive 2 dijon mustard 1 parsley 1 lemon juice 12 anchovy paste optional salt freshly black pepper taste,gather ingredient roughly chop egg place bowl small bowl whisk mayonnaise dill chive dijon parsley lemon juice anchovy paste together smooth season salt pepper add dressing egg gently fold well combined cover refrigerate serving immediately,9,4
easy cherry brownie,allrecipes allstar recipe,allrecipes allstar recipe,easy cherry brownie perfect time get craving chocolaty fudgey brownie want quick easy fabulous brownie mix add fresh cherry nut youre special treat,13 vegetable oil 14 water 1 large egg 1 almond 1 18 ounce packagebrownie mix brownie mix 1 fresh dark sweet cherry 13 pecan,preheat oven 325 degree f 165 degree c line 8x8inch pan parchment paper leaving overhang two side easy removal spray cooking spray combine oil water egg vanilla large bowl stir brownie mix well combined gently fold cherry pecan nut spread batter evenly prepared pan bake preheated oven toothpick inserted center come clean edge start pull away side pan 44 48 minute cool completely pan lift pan using parchment paper cut serve,7,4
bang bang chicken slider,allrecipes allstar recipe,allrecipes allstar recipe,bang bang chicken slider fun summer slider made panfried breaded chicken breast easy homemade bang bang sauce fancied lettuce garden,1 12 pound chicken breas 1 large egg 14 water 1 flour 1 garlic powder 1 cayenne pepper 1 coriander 1 salt 1 black pepper 2 panko bread crumb 1 avocado oil vegetable oil needed frying,gather ingredient line baking sheet parchment set aside cut flattened chicken 12 piece combine egg water shallow bowl combine flour garlic powder cayenne coriander salt black pepper another shallow bowl mix lightly add panko third shallow bowl dip chicken piece egg wash flour mixture dip egg wash panko thoroughly coated place prepared baking sheet place pan refrigerator chill meanwhile bang bang sauce stir mayonnaise sweet chili sauce hot sauce rice vinegar together small bowl pour squirt bottle desired set aside heat oil cast iron skillet medium heat cover large platter plate paper towel set near stove remove chicken refrigerator carefully add oil 1 piece time fry one side golden brown 3 minute turn fry additional 3 minute chicken longer pink center juice run clear instant read thermometer inserted near center chicken read 165 degree f 74 degree c remove prepared plate repeat remaining chicken slider cut roll half horizontally lightly toast squeeze spread bang bang sauce bottom half lay 2 lettuce leaf top 1 piece chicken layer bang bang sauce top half roll enjoy,11,8
italian meatball parmesan noodle,allrecipes allstar recipe,allrecipes allstar recipe,baked italian meatball served garlic parmesan noodle theyre good despite long list ingredient seasoning difficult make,12 seasoned bread crumb 12 parmesan cheese 14 fresh parsley 1 dried oregano 12 garlic garlic paste 12 kosher salt 12 black pepper 1 dried basil 12 red pepper flake 1 large egg 14 milk 1 14 beef broth 1 pound beef,preheat oven 425 degree f 225 degree c combine breadcrumb parmesan parsley oregano garlic salt black pepper basil red pepper flake bowl mix together fork stir egg milk 14 beef broth add beef stir fork combined wet hand roll meat mixture mediumsized ball place large casserole dish pour 1 beef broth enough fill casserole 14 inch deep sprinkle meatball parmesan cheese bake meatball preheated oven 15 minute turn meatball bake longer pink center 15 minute noodle bring large pot salted water boil add noodle cook tender bite 10 minute drain place noodle bowl immediately add butter garlic paste parmesan oil black pepper parsley stir combine remove meatball oven serve spoon noodle onto plate top meatball sprinkle parsley enjoy,13,7
peach cobbler cooky,allrecipes allstar recipe,allrecipes allstar recipe,meet peach cobbler cookie form thumbprintstyle cookie filled warmspiced peach filling like peach cobbler prevent cooky getting soft keep extra stored refrigerator,1 fresh peach 13 brown sugar 1 unsalted butter 12 vanilla 14 cinnamon 18 nutmeg 1 pinch salt 2 fresh lemon juice 1 12 cornstarch,filling place peach brown sugar butter vanilla cinnamon nutmeg salt small saucepan medium heat cook stirring frequently mixture boiling sugar dissolved 5 minute stir lemon juice cornstarch together small bowl thoroughly combined pour peach stir thoroughly incorporate continue cook stirring constantly thickened 2 3 minute pour mixture heatproof container refrigerate thoroughly chilled 1 hour 2 day cookie dough beat butter brown sugar 12 white sugar salt cinnamon nutmeg together electric mixer light fluffy 3 minute add egg vanilla almond beat 1 minute add flour baking powder baking soda mix low speed mixture come together stiff dough pour remaining 14 white sugar small bowl set aside scoop 1 12 dough roll ball roll dough ball white sugar thoroughly coated using thumb handle wooden spoon spatula press indentation center cookie measuring 34inch wide 13inch deep repeat process remaining cookie dough remove filling refrigerator place 1 12 filling indentation cookie heaping filling center cooky refrigerate filled cooky 30 minute preheat oven 350 degree f 180 degree c line baking sheet parchment place cooky 2 inch apart prepared baking sheet bake cooky 1 pan time preheated oven edge begin turn golden brown 15 20 minute cool cooky pan 5 minute remove wire rack cool completely store cooled cooky refrigerator,9,7
gochujang pork belly bite,allrecipes allstar recipe,allrecipes allstar recipe,gochujang pork belly bite sweet spicy crispy crunchy absolutely delicious whether finish gochujang sauce air fryer dip sauce end irresistibly good,1 pound pork belly 14 gochujang 2 soy sauce 1 honey 1 ginger,preheat air fryer 400 degree f 200 degree c place pork belly piece basket single layer touching air fry 8 9 minute turn air fry 6 7 minute meanwhile sauce stir gochujang soy sauce hot honey ginger together medium bowl remove pork belly air fryer basket toss sauce coat return air fryer fry bite begin char edge 8 11 minute alternately use sauce dipping case continue fry without removing bite begin char 6 7 minute,5,4
sheet pan honey mustard salmon green bean,allrecipes allstar recipe,allrecipes allstar recipe,sheet pan honey mustard salmon green bean feature bean flaky roast salmon lovely honeydijon sauce sheet pan meal convenient covering sheet pan aluminum foil make cleanup breeze,cooking spray 3 5 ounce filet salmon skin 1inch thick thickest part salt freshly black pepper taste 3 green bean trimmed 2 olive oil 14 honey 14 dijon mustard 12 2 clove garlic 14 cayenne pepper optional lemon slice,preheat oven 400 degree f 200 degree c place oven rack center line sheet pan aluminum foil spray cooking spray place salmon plate pat side dry paper towel season lightly salt pepper let stand room temperature ingredient prepared bring pot lightly salted water boil high heat add green bean bring back boil immediately transfer green bean ice bath cool 2 3 minute drain well blot much water possible paper towel stir olive oil honey dijon mustard lemon zest lemon juice garlic cayenne together medium bowl set 2 honey mustard aside small bowl brush small amount honey mustard side salmon place filet one end prepared pan skin side toss green bean bowl remaining honey mustard spread seasoned green bean sheet pan even layer opposite salmon bake center preheated oven interior temperature salmon 120 degree f 49 degree c 14 minute allow time thicker filet turn oven broiler broil salmon bean sauce bubbly salmon bean begin brown 2 minute remove oven brush salmon reserved honey mustard using clean brush garnish additional lemon slice serve warm,11,9
grilled pineapple lime chicken thigh,allrecipes allstar recipe,allrecipes allstar recipe,grilled pineapple lime chicken thigh tender juicy flavorful marinate briefly seasoned lime pineapple juice scattered pineapple chunk grilling,12 pineapple juice 2 lime divided 1 12 olive oil 1 12 saltfree adobo seasoning 1 salt 18 cayenne pepper taste optional 1 12 pound skinless boneless chicken thigh 12 pineapple piece cilantro sprig garnish optional,combine pineapple juice zest juice 1 lime olive oil adobo seasoning salt cayenne large resealable plastic bag gently squeeze bag mix marinade add chicken thigh marinade gently squeeze content coat chicken move thigh inside bag single layer gently press air reseal refrigerate 1 hour 2 hour turning every 20 minute preheat outdoor grill 400 degree f 200 degree c clean oil grate place chicken oiled grate drizzle marinade grill 2 3 minute give piece quarter turn grill 2 3 minute turn chicken repeat grill chicken longer pink center juice run clear instant read thermometer inserted near center reach 165 degree f 74 degree c remove chicken plate cover foil rest 8 10 minute cut remaining lime half squeeze 1 lime half chicken cut lime half slice sprinkle pineapple piece chicken garnish lime slice cilantro sprig,9,6
mediterranean flatbread,allrecipes allstar recipe,allrecipes allstar recipe,mediterranean flatbread spread readymade flatbread layer cream cheese top garlicky spinach artichoke heart kalamata olive feta bake briefly hot oven quick delicious appetizer built convenience,1 piece flatbread 1 3 ounce package cream cheese softened 12 pound frozen spinach 1 clove garlic 14 nutmeg 12 dried dill 1 pinch salt 12 fresh parsley 5 marinated artichoke heart 10 kalamata olive 12 feta cheese 2 olive oil,preheat oven 425 degree f 220 degree c line sheet pan parchment paper place flatbread center prepared pan spread cream cheese small bowl combine spinach garlic nutmeg dill season salt spoon spinach mixture cream cheese separating clump press mixture slightly cream cheese sprinkle parsley top place artichoke heart evenly spinach layer add kalamata olive around artichoke heart sprinkle feta cheese bake preheated oven heated 8 10 minute remove oven drizzle olive oil cut 8 triangle,12,7
3ingredient limoncello spritz,allrecipes allstar recipe,allrecipes allstar recipe,3ingredient limoncello spritz cocktail light refreshing perfect cocktail hot summer day patio family friend,2 fluid ounce limoncello 2 luid ounce lemon sparkling water 1 fluid ounce prosecco 1 lemon wedge optional,fill cocktail shaker ice add lemoncello cover shake outside shaker frosted 30 second pour cocktail glass wine glass add lemon sparkling water top glass prosecco garnish lemon wedge,4,2
salmon smash burger,allrecipes allstar recipe,allrecipes allstar recipe,salmon smash burger flavorful twist classic beef smash burger featuring patty made fresh salmon salmon mixed fresh dill seasoning combination texture fresh bold flavor make perfect choice seafood lover,1 12 pound salmon filet 1 large egg 1 flour 1 fresh dill 1 1 ounce packet mccormicku00ae burger business tabitha brown seasoning mix 1 grapeseed oil,gather ingredient chop salmon place food processor pulse time chop combine salmon egg flour dill burger seasoning bowl mix gently scoop 1 mixture form ball 4 5 ball heat 1 oil large cast iron skillet griddle mediumhigh heat place ball skillet leaving plenty space smash using burger press spatula press salmon ball thin layer may work batch cook 2 3 minute per side serve desired burger bun favorite topping,6,7
eloteinspired salad,allrecipes allstar recipe,allrecipes allstar recipe,eloteinspired salad drizzled creamy tangy dressing mexican street corn salad form,4 ear corn cob 1 omaine lettuce 1 cooked chicken 1 cherry tomato 12 red onion 12 fresh cilantro 1 green onion 1 jalapeno 12 cotija cheese 1 avocado,using sharp knife remove kernel corn cob freeze freshly shucked kernel overnight place fresh corn heavy skillet mediumhigh heat cover cook without stirring char develops corn 10 minute remove heat meanwhile toss romaine chicken cherry tomato red onion green onion cilantro jalapeu00f1o cotija cheese avocado together bowl toss charred corn dressing whisk crema con sal mayonnaise lime juice tajin together small bowl drizzle salad,10,4
grilled peach halloumi prosciutto skewer,allrecipes allstar recipe,allrecipes allstar recipe,wow guest grilled peach halloumi prosciutto skewer sweetly charred peach salty prosciutto grilled halloumi cheese skewer topped hot honey pistachio,3 peach 8 ounce halloumi cheese 6 ounce prosciutto 2 honey 2 pistachio,preheat outdoor grill medium heat lightly oil grate thread peach halloumi prosciutto onto skewer grill caramelized grill mark softened 3 4 minute side top hot honey pistachio,5,2
hibachi zucchini,allrecipes allstar recipe,allrecipes allstar recipe,hibachi zucchini simple make home japanese steak house experience time like quick saute zucchini onion garlic ginger soy sauce,1 vegetable oil 1 small onion 1 garlic 1 ginger paste 1 large zucchini 2 soy sauce 1 sesame oil 12 salt 14 black pepper 1 toasted sesame seed,heat vegetable oil large skillet mediumhigh heat add onion cook stir 4 minute add garlic ginger cook 1 minute add zucchini cook 3 minute stirring constantly add soy sauce sesame oil salt pepper cook zucchini tender like 2 minute garnish sesame seed,10,2
bramble cocktail,allrecipes allstar recipe,allrecipes allstar recipe,bramble tart refreshing gin cocktail perfectly balance bright citrus juicy berry flavor built foundation london dry gin shaken fresh lemon juice touch simple syrup crowned drizzle crème de mûre blackberry liqueur beautiful layered effect typically served crushed ice garnished fresh blackberry slice lemon,1 ice cube 2 ounce gin 1 ounce lemon juice 12 ounce simple syrup crushed ice 12 ounce blackberry liqueur 2 3 blackberry 1 slice lemon,add ice cube gin lemon juice simple syrup cocktail shaker seal shake vigorously outside frosted 10 15 second fill rock glass crushed ice strain cocktail glass gently pour cru00e8me de mu00fbre top create layered effect cru00e8me de mu00fbre sink bottom glass garnish blackberry lemon slice,8,2
summer crab salad,allrecipes allstar recipe,allrecipes allstar recipe,summer crab salad great sunny day cold crabmeat pickle tomato red onion plus simple dressing ingredient create salad could go lettuce even served tortilla chip,3 crab meat 13 dill pickle 13 cherry tomato 2 red onion 2 fresh lemon juice 2 mayonnaise 12 cocktail sauce 12 garlic powder,gently mix crabmeat pickle tomato red onion lemon juice mayonnaise cocktail sauce garlic powder bowl serve,8,1
chantilly cake,allrecipes allstar recipe,allrecipes allstar recipe,chantilly cake everything could want dessertits light creamy decadent absolutely gorgeous use whatever fresh berry flavor jam prefer make sure keep cake stored fridge,2 12 flour 1 baking powder 1 salt 14 nutmeg 2 sugar 3 large egg 34 sour cream 12 vegetable oil 2 vanilla 1 almond 1 whole milk,preheat oven 350 degree f 180 degree c grease line 3 8 inch round cake pan parchment paper grease parchment sift together flour baking powder salt nutmeg large bowl whisk together sugar egg sour cream oil vanilla almond completely smooth combined add dry ingredient whisk mostly incorporated add milk whisk batter mostly smooth batter runny divide batter evenly prepared pan bake preheated oven toothpick inserted center cake come mostly clean 25 30 minute allow cake cool pan 15 minute removing wire rack cool completely make jam syrup mix together jam water lemon juice microwavesafe bowl heat microwave 30 second stir mixture thoroughly combined brush jam syrup evenly top cooled cake make chantilly cream beat together mascarpone cream cheese medium speed smooth add heavy cream powdered sugar vanilla salt beginning low speed gradually increasing medium high beat mixture hold stiff peak overbeat cream curdle assemble place 1 cake layer onto plate platter top hefty dollop chantilly cream spread even layer sprinkle 12 berry top cream gently press cream top second cake layer repeat adding cream berry top final cake layer cover top side cake remaining cream arrange remaining berry top cake desired place cake refrigerator chill least 2 hour serving,11,9
chimichurri steak taco,allrecipes allstar recipe,allrecipes allstar recipe,delicious chimichurri steak taco argentinian flair seared flank steak slice tortilla topped chimichurri sauce pickled onion cotija cilantro,1 pound flank steak 1 salt 2 oil 4 white corn tortilla 12 chimichurri sauce 14 red onion 12 cotija cheese cilantro,gather ingredient sprinkle salt steak cover side wrap tightly plastic wrap refrigerate 1 hour 1 day heat skillet medium heat add 1 oil fry tortilla 1 time side puffy golden brown 1 minute set aside plate cover paper towel sear steak skillet adding oil needed turn frequently browned 8 minute per side mediumrare steak firm reddishpink juicy center instantread thermometer inserted center read 130 degree f 54 degree c medium rare remove cutting board rest rested slice steak grain serve tortilla top onion chimichurri cheese top cilantro,8,6
leftover rotisserie chicken slider,allrecipes allstar recipe,allrecipes allstars appetizer,leftover rotisserie chicken slider perfect appetizer game day anytime want something delicious chicken tomato provolone bake golden melty garlicbuttered bun,1 olive oil 1 small onion 2 clove garlic 2 rotisserie chicken 12 bacon salt freshly black pepper taste 6 slider bun 1 rom tomato 4 slice provolone cheese 14 butter fresh parsley,preheat oven 375 degree f 190 degree c add olive oil skillet medium heat cook stir onion garlic fragrant 2 minute stir chicken bacon season lightly salt pepper stir heated coated onion garlic slice slider bun half place bottom half baking dish layer garlic chicken mixture add sliced tomato provolone top close slider top bun small saucepan melt butter pinch garlic garlic powder brush top bun garlic butter bake slider preheated oven cheese melted top golden 8 10 minute optional broil slider 1 minute extra crispy top remove slider oven brush garlic butter garnish parsley youre feeling fancy serve hot melty,11,6
green goddess feta dip,allrecipes allstar recipe,allrecipes allstars appetizer,green goddess feta dip blend fresh herb avocado feta lime versatile serve chip cracker use dress grilled steak chicken,5 ounce feta cheese 1 avocado 34 olive oil 2 lime juiced 14 fresh parsley leaf 12 fresh cilantro leaf 14 green onion 1 garlic clove 12 black pepper salt taste,add feta avocado olive oil lime juice parsley cilantro green onion garlic black pepper bowl food processor blend smooth season taste salt,10,1
dallas spicy habanero salsa,allrecipes allstar recipe,allrecipes allstars appetizer,hubby dallas make super spicy habanero salsa habaneros yard careful hot,3 extravirgin olive oil 3 habanero pepper 2 rom tomato 2 garlic clove peeled 14 white onion 1 12 chicken bouillon powder,heat 1 olive oil cast iron skillet heated add habaneros tomato garlic onion roast charred 8 minute place roasted veggie remaining 2 olive oil chicken bouillon blender blend smooth,6,2
harvey crab dip,allrecipes allstar recipe,allrecipes allstars appetizer,growing harvey crab dip always table maryland blue crab along saltine cracker quick mix ketchup vinegar worcestershire sauce,34 ketchup 13 apple cider vinegar 2 worcestershire sauce,stir ketchup vinegar worcestershire together bowl smooth combined,3,1
air fryer potato slice dipping sauce,allrecipes allstar recipe,allrecipes allstars appetizer,air fryer potato slice served beer ketchup dipping sauce tasty finger food somewhere french fry potato chip take time make dipping sauceits worth,34 ketchup 12 beer 1 worcestershire sauce 12 onion powder 14 cayenne 2 baking potato olive oil cooking spray 12 garlic powder salt freshly black pepper,combine ketchup beer worcestershire sauce onion powder cayenne small saucepan bring boil reduce heat simmer 3 5 minute remove heat cool cover store refrigerator ready use preheat air fryer 400 degree f 200 degree c spray basket cooking spray line disposable parchment liner slice potato 14inch thick use mandoline one place bowl spray potato olive oil spray sprinkle garlic powder salt pepper give potato good stir place potato single layer air fryer cook shaking occasionally start crisp bit turn golden brown 14 17 minute cooking time vary depending brand size fryer may cook batch remove fryer serve beer ketchup dipping sauce,9,5
baconwrapped chicken skewer,allrecipes allstar recipe,allrecipes allstars appetizer,baconwrapped chicken skewer seasoned chicken chunk wrapped bacon slathered bbq sauce served stick get better,1 pound chicken breast 12 olive oil 14 smoked paprika 14 garlic powder 14 onion powder 14 celery seed salt freshly black pepper taste 8 slice bacon cut half crosswise 13 barbecue sauce,preheat oven 350 degree f 180 degree c line large baking sheet aluminum foil place chicken piece large bowl add oil paprika garlic powder onion powder celery seed salt pepper toss evenly coat take chicken piece roll tightly bacon half repeat remaining chicken piece skewer bacon wrapped chicken piece tightly skewer place prepared baking sheet bake skewer preheated oven 30 minute brush bbq sauce skewer bake evenly browned 5 minute,9,5
loaded olive oil dip,allrecipes allstar recipe,allrecipes allstars appetizer,loaded olive oil dip combine rich olive oil white balsamic vinegar date olive sundried tomato feta make great dip favorite crusty bread,13 olive oil 3 white balsamic vinegar 2 sundried tomato oil 1 fresh fresh 4 olive 3 fresh thyme 3 feta black pepper,gather ingredient pour oil balsamic vinegar shallow dish use spoon chopstick mix well position sundried tomato olive date different side shallow dish sprinkle thyme top feta cracked pepper serve crusty bread,8,3
firecracker chicken meatball,allrecipes allstar recipe,allrecipes allstars appetizer,firecracker chicken meatball give big punch flavor spicy sweet savory firecracker sauce theyre perfect bitesize appetizer game day snack main dish,1 large egg 2 jalapeno pepper 1 reducedsodium soy sauce 1 onion powder 1 ginger 2 garlic clove black pepper taste 1 pound chicken 12 panko breadcrumb,gather ingredient preheat oven 475 degree f 245 degree c line large baking sheet foil lightly spray cooking spray stir egg jalapeu00f1o soy sauce onion powder ginger garlic pepper together large bowl add chicken breadcrumb gently mix combined form meatball using 2tablespoon cookie scoop shape wet hand place prepared baking sheet bake preheated oven longer pink center 8 10 minute instantread thermometer inserted center read least 160 degree f 71 degree c meanwhile firecracker sauce combine hot sauce brown sugar soy sauce vinegar worcestershire red pepper flake saucepan mediumhigh heat bring boil reduce heat simmer cook 5 minute stirring occasionally remove heat cool sauce thicken slightly cool dip meatball sauce brush meatball sauce return baking sheet cook additional 1 2 minute drizzle brush additional sauce desired sprinkle parsley serve serve remaining sauce side dipping,9,7
mediterranean dipping oil,allrecipes allstar recipe,allrecipes allstars appetizer,mediterranean dipping oil finely herb sundried tomato olive plus lemon zest smoked paprika feta cheese make sunny flavorful oil dip crusty bread,12 olive oil 1 fresh oregano 2 fresh dill 3 feta cheese 2 sundried tomato 2 pimentostuffed olive 1 garlic clove 1 smoked paprika 1 lemon zested 14 salt 14 black pepper,gather ingredient whisk olive oil oregano dill feta sundried tomato olive garlic paprika lemon zest salt pepper together bowl well blended serve enjoy,11,3
4ingredient bruschetta dip,allrecipes allstar recipe,allrecipes allstars appetizer,make 4ingredient bruschetta dip need quick delicious appetizer boursin cheese grape tomato basil balsamic vinegar could simpler taste fantastic toasted bread cracker,1 52 counce spreadable gourmet cheese 8 grape tomato 5 basil leaf 2 balsamic vinegar 1 small ciabatta roll,gather ingredient spread soft cheese onto plate cover layer tomato top scatter basil top tomato drizzle balsamic serve ciabatta cracker,5,3
gochujang pork belly bite,allrecipes allstar recipe,allrecipes allstars appetizer,gochujang pork belly bite sweet spicy crispy crunchy absolutely delicious whether finish gochujang sauce air fryer dip sauce end irresistibly good,1 pound pork belly 14 gochujang 2 soy sauce 1 honey 1 ginger,preheat air fryer 400 degree f 200 degree c place pork belly piece basket single layer touching air fry 8 9 minute turn air fry 6 7 minute meanwhile sauce stir gochujang soy sauce hot honey ginger together medium bowl remove pork belly air fryer basket toss sauce coat return air fryer fry bite begin char edge 8 11 minute alternately use sauce dipping case continue fry without removing bite begin char 6 7 minute,5,4
mediterranean flatbread,allrecipes allstar recipe,allrecipes allstars appetizer,mediterranean flatbread spread readymade flatbread layer cream cheese top garlicky spinach artichoke heart kalamata olive feta bake briefly hot oven quick delicious appetizer built convenience,1 piece flatbread 1 3 ounce package cream cheese softened 12 pound frozen spinach 1 clove garlic 14 nutmeg 12 dried dill 1 pinch salt 12 fresh parsley 5 marinated artichoke heart 10 kalamata olive 12 feta cheese 2 olive oil,preheat oven 425 degree f 220 degree c line sheet pan parchment paper place flatbread center prepared pan spread cream cheese small bowl combine spinach garlic nutmeg dill season salt spoon spinach mixture cream cheese separating clump press mixture slightly cream cheese sprinkle parsley top place artichoke heart evenly spinach layer add kalamata olive around artichoke heart sprinkle feta cheese bake preheated oven heated 8 10 minute remove oven drizzle olive oil cut 8 triangle,12,7
grilled peach halloumi prosciutto skewer,allrecipes allstar recipe,allrecipes allstars appetizer,wow guest grilled peach halloumi prosciutto skewer sweetly charred peach salty prosciutto grilled halloumi cheese skewer topped hot honey pistachio,3 peach 8 ounce halloumi cheese 6 ounce prosciutto 2 honey 2 pistachio,preheat outdoor grill medium heat lightly oil grate thread peach halloumi prosciutto onto skewer grill caramelized grill mark softened 3 4 minute side top hot honey pistachio,5,2
savory palmiers,allrecipes allstar recipe,allrecipes allstars appetizer,savory palmiers appealing many level combination bacon gruyere caramelized onion crisp puff pastry delicious appetizer pastry beautiful well,1 sheet puff pastry 14 horseradish sauce honey mustard dressing 12 gruyere cheese 13 caramelized onion 2 slice thick cut bacon cooked crumbled,lay puff pastry lightly floured surface brush pastry horseradish sauce sprinkle evenly gruyere sprinkle onion evenly scatter evenly bacon starting long side roll tuck pastry center repeat long side rolling 2 scrolled side meet center pinch together ensure hold together wrap pastry plastic wrap freeze 20 minute meanwhile preheat oven 400 degree f 200 degree c line baking sheet parchment remove pastry cutting board slice 13inch slice lay slice prepared baking sheet bake preheated oven golden brown puffed 15 20 minute rotate pan halfway cooking time serve horseradish sauce dipping,5,5
french dip slider,allrecipes allstar recipe,allrecipes allstars appetizer,french dip slider may seem timeconsuming make use lot shortcut theyre easier think caramelizing onion take timefeel free use crispy fried onion instead youre rush,1 12count package slider bun 9 butter divided 1 medium yellow onion thinly sliced 1 pound deli roast beef 9 slice gruyere cheese 1 garlic powder 1 worcestershire sauce 1 dried parsley,gather ingredient preheat oven 350 degree f 180 degree c grease 9x13inch baking dish slice slider bun half horizontally without separating place bottom half prepared dish heavy skillet medium heat melt 1 butter add onion cook stirring occasionally soft golden 8 10 minute layer roast beef evenly bottom bun layer cheese slice beef scatter caramelized onion cheese add top bun back melt remaining butter stir garlic powder worcestershire sauce parsley brush top bun cover foil bake preheated oven 15 minute uncover bake top golden cheese melted 5 minute meanwhile jus combine bone broth worcestershire soy sauce garlic powder onion powder fish sauce small saucepan bring simmer stirring occasionally medium heat stir cornstarch water together small bowl create smooth slurry add broth simmer slightly thickened 2 3 minute serve slider jus dipping,8,8
smoked queso dip,allrecipes allstar recipe,allrecipes allstars appetizer,smoked queso dip flavor love queso added punch flavor smoker first thing go next tailgate party serve tortilla chip,1 onion 1 1 pound tube bulk sausage crumbled 2 pound processed cheese food velveetau00ae 8 ounce cheddar cheese 2 10 ounce can diced tomato green chile 1 105 ounce condensed cream chicken soup 2 large whole jalapeno pepper,preheat outdoor smoker 225 degree f 107 degree c add onion sausage large skillet cook mediumhigh heat 8 minute drain excess grease add sausage back skillet skillet add velveeta cheddar rotel cream chicken soup stir combine transfer 9x9inch disposable aluminum pan place pan rack smoker place whole jalapeno next pan smoke 2 hour stirring cheese mixture every hour transfer jalapeno cutting board cut half lengthwise discard seed vein chop jalapeno stir cheese mixture smoke 1 hour stir serve immediately,7,6
air fryer honey sriracha salmon bite,allrecipes allstar recipe,allrecipes allstars appetizer,air fryer honey sriracha salmon bite cube salmon lightly seasoned salt pepper olive oil touch sriracha air fried crispy perfection drizzled bold sticky honeysriracha sauce bite perfect appetizer rice bowl topping paired side roasted vegetable,1 soy sauce 1 honey 1 sriracha 1 rice vinegar 14 granulated garlic,preheat air fryer 400 degree f 200 degree c whisk soy sauce honey 1 sriracha rice vinegar granulated garlic together small bowl set aside pat salmon dry cut 1 12inch cube toss salmon olive oil 12 sriracha salt pepper spray basket air fryer cooking spray place seasoned salmon basket air fryer working batch avoid overcrowding necessary cook preheated air fryer 4 minute gently turn salmon piece cook salmon flake easily fork 3 4 minute place serving platter drizzle honeysriracha sauce garnish green onion sesame seed serve immediately,5,5
2ingredient baconwrapped mozzarella stick,allrecipes allstar recipe,allrecipes allstars appetizer,2ingredient baconwrapped mozzarella stick spin deep fried mozzarella stick remember bacon make anything better freezing cheese first bacon wrap fry crisp cheese melt inside decadent treat,4 mozzarella string cheese stick 4 slice bacon 14 avocado oil,gather ingredient place mozzarella stick freezer completely frozen 30 minute wrap stick 1 slice bacon tucking end cheese completely covered secure bacon end toothpick necessary heat oil skillet medium heat fry cheese stick hot oil turning gently brown crisp side remove skillet pat paper towel soak excess oil serve dipping sauce,3,4
asparagus ricotta tart,allrecipes allstar recipe,allrecipes allstars appetizer,asparagus ricotta tart buttery flaky crust cheesy herb filling topping fresh asparagus excellent brunch appetizer option,1 pound asparagus 1 full fat ricotta cheese 1 large egg 14 siago cheese 1 12 italian seasoning 12 kosher salt 14 black pepper 1 sheet puff pastry 1 olive oil,preheat oven 400 degree f 200 degree c line baking sheet parchment paper bring large pot water boil high heat reduce heat medium add asparagus cook slightly softened 2 3 minute remove asparagus pot immediately dunk cold water drain blot asparagus dry paper towel crack egg small bowl beat lightly measure 1 beaten egg set aside use egg wash bowl remaining egg add ricotta asiago cheese italian seasoning salt pepper whisk thoroughly combined roll puff pastry lightly floured surface large rectangle 10x15 inch place onto prepared baking sheet dip pastry brush remaining beaten egg brush 1inch border around edge pastry add ricotta filling center puff pastry smooth even layer leaving 1inch border side arrange asparagus filling drizzle asparagus olive oil season salt pepper desired bake tart preheated oven puff pastry puffed browned edge 25 30 minute cool tart minute cut 8 square serve slightly warm room temperature,9,6
mediterranean flatbread,allrecipes allstar recipe,allrecipes allstars appetizer,mediterranean flatbread packed fresh flavor piled tomato kalamata olive red onion pepperoncini feta cheese look little fancy uncomplicated perfect quick meal appetizer,2 flatbread 14 extravirgin olive oil 3 garlic clove 2 cherry grape tomato 12 sliced kalamata olive 12 red onion 13 pepperoncini 3 feta cheese fresh oregano,preheat oven 425 degree f 220 degree c combine olive oil garlic small bowl lightly brush little garlic olive oil flatbread add tomato olive onion pepperoncini bowl drizzle remaining garlic olive oil gently combine evenly top flatbread tomato mixture sprinkle feta cheese place baking sheet bake preheated oven flatbread starting turn golden brown 12 15 minute sprinkle oregano serve,9,5
cheese slider,allrecipes allstar recipe,allrecipes allstars appetizer,cheese slider slider version muchloved new york sandwich beef american cheese lettuce special sauce hawaiian roll,14 mayonnaise 2 ketchup 1 yellow mustard 12 garlic powder 14 smoked paprika salt freshly black pepper taste,gather ingredient stir mayonnaise ketchup mustard garlic powder paprika together small bowl season salt pepper set aside heat large skillet medium heat add beef season salt pepper cook browned 8 minute drain excess fat desired lower heat avoid overcooking beef lay cheese slice directly beef allow melt 3 minute chop beef cheese together create signature cheese texture slice hawaiian roll half horizontally keeping attached spread cheese sauce half roll evenly distribute beef cheese mixture bottom half top lettuce onion pickle place top bun back enjoy,6,6
croque monsieur slider,allrecipes allstar recipe,allrecipes allstars appetizer,5ingredient croque monsieur slider fantastic appetizer think ham cheese slider neither sweet savory soft fluffy hawaiian roll knock recipe park,1 butter 1 dijon mustard 4 hawaiian roll 2 slice deli ham cut half 1 gruyere cheese,preheat oven 375 degree f 180 degree c line baking sheet parchment open roll keep attached lay flat baking sheet stir mustard butter together spread inner side roll top bottom add half piece ham bottom half roll fold needed fit sprinkle roll small amount cheese close roll filling melt remaining butter mustard mixture brush top roll sprinkle roll evenly remaining cheese bake preheated oven cheese completely melted 10 minute serve warm mustard dipping,5,4
hot honey shrimp,allrecipes allstar recipe,allrecipes allstars appetizer,hot honey shrimp dazzling flavor profilesticky tangy little sweet heat serve appetizer skewer like feel free add shrimp stir fry vegetable dinner,12 reducedsodium soy sauce 2 brown sugar 2 rice vinegar 1 honey 14 ginger 1 garlic 1 sesame oil 14 water 1 cornstarch,stir soy sauce brown sugar rice vinegar honey ginger garlic sesame oil water cornstarch together small bowl set aside pat shrimp dry paper towel season salt pepper heat skillet mediumhigh heat add vegetable oil oil shimmering cook shrimp tail begin curl 3 minute pour sauce bring simmer cook shrimp bright pink opaque sauce thickened 2 minute sprinkle black sesame seed serve,9,5
whipped boursin dip,allrecipes allstar recipe,allrecipes allstars appetizer,whipped boursin dip come together minute versatile garnish drizzle hot honey olive oil sprig rosemary thyme maybe sliced kalamata olive crispy bacon serve cracker vegetable,1 105 ounce package goat cheese 1 53 ounce package garlic fine herb spreadable cheese 1 extravirgin olive oil 1 lemon zest salt taste,place goat cheese boursin olive oil lemon zest food processor blend smooth whipped texture season salt garnish desired serve store airtight container fridge,5,2
2ingredient stuffed pepper ultimate lastminute appetizer,allrecipes allstar recipe,allrecipes allstars appetizer,2ingredient boursinstuffed peppadew pepper could easier sweet mildly spicy peppadew pepper filled creamy boursin cheese yummy bitesized treat serve cracker olive cured meat easy elegant appetizer platter,12 14 peppadew pepper 1 53ounce package shallot chive spreadable cheese,gently pat pepper dry paper towel spoon boursin cheese small resealable plastic bag snip one corner create makeshift piping bag carefully pipe cheese pepper full slightly mounded,2,2
boursin stuffed date,allrecipes allstar recipe,allrecipes allstars appetizer,omg flavor boursin stuffed date really surprised filled boursin almond prosciutto baked bubbly little bite heaven perfect balance savory natural sweetness,18 pitted date 1 52 ounce package gournay cheese boursinu00ae shallot chive flavor 12 slivered almond 2 ounce prosciutto honey fresh parsley f,preheat oven 350 degree f 180 degree c line baking sheet parchment place boursin bowl let stand room temperature 30 minute set aside small amount almond prosciutto garnish add almond prosciutto bowl mix well hand make slit date lengthwise without cutting way leaving end intact use finger gently open date use small melon baller scoop boursin mixture place inside date place date prepared baking sheet bake preheated oven hot bubbly 20 30 minute remove oven drizzle honey garnish almond prosciutto fresh parsley,6,5
copycat pickle de gallo,allrecipes allstar recipe,allrecipes allstars appetizer,copycat pickle de gallo version popular picklebased pico de gallo perfect topping pulled pork taco fish taco serve barbecued rib dip tortilla chip may sound odd like dress cottage cheese possibility endless,1 12 spear pickle claussen 14 pound mini bell pepper 1 jalapeno 2 red onion 1 lemon juice 1 dried dill 14 kosher salt,gather ingredient combine pickle mini bell pepper jalapeno red onion lemon juice dill salt large bowl cover refrigerate minimum 1 hour serving,7,3
4ingredient pepper pizza bite,allrecipes allstar recipe,allrecipes allstars appetizer,need 4 ingredient mini pepper pizza bite first thing go whenever host super bowl party crunchy saucy cheesy plus lower carbs traditional pizza bite,8 ounce mini bell pepper 34 marinara sauce 12 mozzarella cheese 1 ounce pepperoni slice,preheat oven 350 degree f 180 degree c line baking sheet parchment place sliced mini bell baking sheet cut side divide marinara sauce pepper using small spoon top pepper cheese place 3 slice mini pepperoni top cheese pepper bake preheated oven 12 minute turn oven broiler high broil pepper cheese melted starting brown 3 minute,4,3
marinated mozzarella ball,allrecipes allstar recipe,allrecipes allstars appetizer,marinated mozzarella ball take advantage fact mozzarella ball creamy somewhat neutral flavored theyre waiting zingy herbpacked marinade turn one easiest tastiest appetizer ever,12 extravirgin olive oil 2 oil packed sundried tomato 1 fresh parsley 1 fresh basil 2 garlic clove 1 italian seasoning 1 lemon zest 1 lemon juice 12 crushed red pepper flake salt freshly black pepper 8 ounce fresh mozzarella ball wate 13 pimentostuffed olive,marinade combine olive oil sundried tomato parsley basil garlic italian seasoning lemon zest lemon juice red pepper flake bowl season salt pepper add mozzarella ball olive marinade gently tossing well coated ball mostly submerged marinade cover bowl refrigerate least 2 hour preferably overnight possible stir occasionally store tightlycovered glass jar refrigerator olive oil solidify remove fridge 15 minute serving olive oil liquefy,12,3
pickle brine pickled egg,allrecipes allstar recipe,allrecipes allstars appetizer,pickle brine pickled egg soak bold brine made pickle brine white vinegar crushed garlic infusing zesty garlicky kick enjoy day mild tang let sit longer extra punch depending brand pickle brine use may need adjust amount vinegar salt depending taste,1 pickle brine 12 white vinegar 2 clove garlic 14 kosher salt 12 medium hard boiled egg,combine pickle brine vinegar garlic clove saucepan bring simmer add kosher salt remove saucepan heat cool liquid slightly place egg 1quart jar pour vinegar mixture egg seal jar refrigerate occasionally shaking jar least 2 day,5,2
sloppy joe garlic bread,allrecipes allstar recipe,allrecipes allstars appetizer,sloppy joe garlic bread great way use leftover making sloppy joes even chili dont leftover buy number canned jarred version,2 beef sloppy joe 1 ciabatta roll 2 butter garlic salt taste 12 sharp cheddar cheese 12 mozzarella cheese parsley garnish,preheat oven 375 degree f 190 degree c line baking sheet parchment paper lay ciabatta half cut side parchment paper top half rock bit slice bit top lay flat butter cut side lightly sprinkle garlic salt spread sloppy joe mixture cover bread edge sprinkle cheddar cheese mozzarella cheese bake preheated oven cheese melted bubbling 15 minute serve appetizer slice half 2 piece sprinkle parsley,7,4
olive cheese bread,allrecipes allstar recipe,allrecipes allstars appetizer,olive cheese bread sweetspicysaltycheesy olive dip hint ever popular bang bang sauce spread crusty french bread toasted served appetizer,1 loaf french bread 12 mayonnaise 12 unsalted butter 2 thai sweet chili sauce 2 sriracha sauce 8 ounce monterey jack cheese 1 black olive 1 pimentostuffed green olive 2 green onion fresh parsley,preheat oven 350 degree f 180 degree c line baking sheet parchment scoop little cut side bread slice make shallow well place prepared baking sheet combine mayonnaise butter thai chili sauce sriracha bowl fold cheese olive green onion well combined evenly spread olive mixture cut side bread bake preheated oven cheese melted starting brown 25 30 minute set aside 5 minute allow cheese firm slightly sprinkle parsley slice bread half 2inch portion serve warm room temperature,10,5
wasabi shrimp sushi,allrecipes allstar recipe,allrecipes allstars appetizer,wasabi shrimp sushi perfect rolling sushi wheelhouse certainly filling muffin prepare sushi rice according package instruction fluffthe success dish depends sticky rice use silicone muffin pan one rice cook prepare filling ingredient,1 wasabi paste 1 soy sauce 2 mayonnaise,wasabi aioli combine wasabi paste soy sauce mayonnaise small zippered food storage bag gently squeeze bag combine ingredient taste add wasabi paste desired seal bag refrigerate place 18 cooked cooled rice 8 silicone muffin press rice firmly using damp fingertip shape rice side refrigerate least 20 minute serve fill rice matchstick carrot matchstick cucumber edamame place one shrimp half top filled snip tip 1 corner wasabi aioli bag squeeze content across top filled sprinkle black sesame seed serve immediately pickled ginger,3,4
gochujang hummus,allrecipes allstar recipe,allrecipes allstars appetizer,gochujang hummus bold flavorful twist classic hummus blending creamy richness chickpea deep spicysweet heat korean gochujang try make day ahead flavor develops longer sits use 1 gochujang mild heat use 2 like thing little spicier,15 ounce chickpea 2 tahini 2 olive oil 1 gochujang 1 lemon juice 1 clove garlic 12 salt,combine chickpea tahini olive oil gochujang lemon juice garlic salt bowl food processor pulse coarsely blended scrape side blender stream reserved chickpea liquid mixture blend desired consistency achieved,7,1
loaded tater tot skewer,allrecipes allstar recipe,allrecipes allstars appetizer,loaded tater tot skewer make nice party appetizer bacon cheddar mozzarella cheese green onion unbelievably tasty also make tater tot nachostyle without skewer prefer,4 skewer 20 tater tot seasoned salt taste 34 cheddar cheese 14 mozzarella cheese 4 strip bacon cooked crumbled 2 green onion sliced,preheat oven 400 degree f 200 degree c soak 4 wooden skewer cold water 15 minute lay dry line baking sheet parchment paper add tater tot single layer bake preheated oven 20 minute flipping 10 minute check crispiness remove oven season seasoned salt thread 4 tater tot onto skewer turning make sure skewer lay flat surround skewer remaining loose tater tot sprinkle skewer cheddar cheese mozzarella bake cheese begin melt 5 minute turn oven broil broil skewer cheese bubbling remove oven transfer skewer plate sprinkle bacon green onion serve favorite dipping sauce enjoy,7,6
air fryer honey mustard salmon bite,allrecipes allstar recipe,allrecipes allstars appetizer,air fryer honey mustard salmon bite quick easy make air fryer honey mustard salmon delicious togetherthese bite hit next party,1 pound salmon 1 olive oil 12 paprika 14 salt 18 black pepper 14 honey mustard,gather ingredient preheat air fryer 400 degree f 200 degree c combine salmon oil paprika salt pepper small mixing bowl toss combine place seasoned salmon basket air fryer air fry 4 minute using basting brush lightly brush honey mustard salmon piece stick toothpick bite air fry fish flake easily fork 4 minute transfer serving plate serve immediately,6,6
bacon wrapped cheeseburger bite,allrecipes allstar recipe,allrecipes allstars appetizer,bacon wrapped cheeseburger bite made air fryer little bit meatloaf little bit cheeseburger seasoned beef meatball cheddar cheese center wrapped bacon fried delicious reheat well great appetizer main serve dipping sauce like,1 pound beef 1 12 seasoned breadcrumb 1 large egg 12 onion powder 14 garlic powder 1 dried parsley 1 salt 1 ketchup 1 yellow mustard 4 dill pickle chip 4 ounce cheddar cheese 9 slice bacon 1 sesame seed,preheat air fryer 400 degree f 200 degree c combine beef breadcrumb egg onion powder garlic powder parsley flake salt ketchup mustard dill pickle bowl mix combined pinch 1 generous meat mixture wrap around 1 cube cheese roll form ball place baking sheet lined parchment paper continue remaining meat mixture cheese cut bacon slice half widthwise cut piece half lengthwise making 4 strip bacon slice wrap 1 bacon strip around meatball securing toothpick pressed tightly meat stay place extra strip bacon used second wrap meatball line bottom air fryer half meatball fry 6 minute turn fry another six minute remove repeat remaining meatball sprinkle sesame seed serve choice dipping sauce,13,7
panko sesame crusted salmon bite,allrecipes allstar recipe,allrecipes allstars appetizer,airfried panko sesame crusted salmon bite crunchy nutty crust surrounding tender buttery perfectlycooked salmon youll time stir sweetsavory kewpie mayonnaise soy sesame chiligarliclime dipping sauce salmon bite fryer,1 pound salmon fillet 1 kosher salt 1 granulated garlic 12 mayonnaise 1 toasted sesame oil 1 soy sauce 1 12 lime juice 12 panko japanesestyle breadcrumb 12 toasted sesame seed cooking spray 2 chili garlic sauce 1 honey,gather ingredient sprinkle salmon evenly 12 salt whisk together granulated garlic 14 mayonnaise 1 12 sesame oil 1 12 soy sauce 1 lime juice remaining 12 salt bowl add salmon mayonnaise mixture gently toss coat stir together panko sesame seed 1 sesame oil shallow bowl working 4 batch dredge salmon panko mixture gently pressing adhere transfer large plate baking sheet lightly coat air fryer basket cooking spray place half salmon basket spaced least 1 inch apart cook 400 degree f 200 degree c browned instantread thermometer inserted thickest part salmon register 125 degree f 52 degree c 5 minute transfer cooked salmon plate repeat remaining salmon salmon cook stir together chili garlic sauce honey remaining 14 mayonnaise 1 12 soy sauce 12 toasted sesame oil 12 lime juice small bowl drizzle chili garlic mixture cooked salmon serve lime wedge,12,5
chipotle bacon deviled egg,allrecipes allstar recipe,allrecipes allstars appetizer,chipotle bacon deviled egg smoky spicy upgrade classic crispy bacon chipotle pepper creamy flavorful bite combine richness egg yolk tangy mayo bold heat chipotle adobo,6 large hardboiled egg 2 slice bacon 3 mayonnaise 1 n 14 dry mustard 14 garlic powder salt freshly black pepper taste 12 chipotle powder,halve egg lengthwise scoop egg yolk bowl mini food processor set egg white aside mini food processor mash ingredient bowl fork mince 1 bacon slice add egg yolk cut slice 12 piece set aside garnish add mayonnaise adobo sauce dry mustard garlic powder egg yolk blend well smooth scraping side bowl mixture thick blend extra mayonnaise season salt pepper place yolk mixture resealable bag snip corner pipe mixture egg white sprinkle egg chipotle pepper top bacon piece refrigerate ready serve,8,3
pizza popper,allrecipes allstar recipe,allrecipes allstars appetizer,pizza popper mini pizza bite customized favorite pizza topping theyre perfect game day snack fingerfriendly kid good gettogether,1 mozzarella cheese 13 cooked crumbled bulk italian sausage 13 pepperoni 1 pound pizza dough 1 14 pizza sauce 2 vegetable oil 12 dried basil 12 dried oregano 14 garlic powder 14 grated parmesan cheese,preheat oven 425 degree f 220 degree c combine mozzarella sausage pepperoni small bowl set aside lightly flour work surface roll dough 14inch thick cut round biscuit cookie cutter stretch piece place dollop pizza sauce round top 1 meat mixture fold dough topping ball pinching bottom seal well set aside seam side lightly brush cast iron skillet oil place pizza popper skillet brush top oil sprinkle basil oregano garlic powder bake preheated oven 15 20 minute golden brown garnish grated parmesan serve pizza sauce dipping,10,5
pistachio hummus,allrecipes allstar recipe,allrecipes allstars appetizer,pistachio hummus give traditional hummusa delicious creamy savory spread owna unique texture nutty flavor serve preferred dipper,12 pistachio divided 3 olive oil divided 1 garlic clove quartered 1 14ounce garbanzo bean drained rinsed 12 lemon zest 2 lemon juice 1 salt 14 freshly black pepper,toast pistachio skillet medium heat golden brown 2 minute cool room temperature set 2 pistachio aside combine toasted pistachio 2 oil garlic food processor blender puree smooth add chickpea lemon zest lemon juice salt pepper continue blend even smooth consistency transfer small serving bowl drizzle remaining oil top sprinkle remaining pistachio top,8,4
sloppy joe slider,allrecipes allstar recipe,allrecipes allstars appetizer,serve sloppy joe slider next gathering watch disappear traditional sloppy joe filling served soft bakery roll delicious baked glaze top try bbq sauce dipperfantastic,1 12count package roll 24 small slice sharp cheddar cheese 1 olive avocado oil 1 pound 80 lean beef 12 large white onion 2 garlic paste 1 ketchup 2 brown sugar 1 dijon mustard 3 worcestershire sauce 1 chili powder andor cumin salt freshly black pepper taste 34 water,preheat oven 350 degree f 180 degree c line baking sheet parchment paper cut roll half lay bottom half sheet place piece cheese bottom half set top aside cover baking sheet tea towel working filling heat oil heavy skillet mediumhigh heat add onion saute 1 minute add beef cook browned crumbly breaking meat spoon onion soft 5 7 minute drain grease add garlic stir combine lower heat mediumlow stir ketchup brown sugar worcestershire sauce dijon mustard chili powder together small bowl add cooked beef stir water simmer low stirring frequently thickened taste 5 10 minute season salt pepper place heaping spoonful meat mixture cheese bottom half roll cover meat mixture another slice cheese replace top glaze mix butter brown sugar ketchup worcestershire sauce dijon mustard together small bowl brush top roll sprinkle roll top sesame poppy seed bake slider uncovered preheated oven cheese melted top nicely browned 20 minute serve bbq sauce ketchup yellow mustard dipping,13,7
southwestern pulled pork slider,allrecipes allstar recipe,allrecipes allstars appetizer,southwestern pulled pork slider great way use leftover cooked pork pork stirred tasty sauce warmed added slider bun zippy slaw recipe serf 12 appetizer 6 main dish,12 mayonnaise 2 chipotle pepper adobo 1 adobo sauce 14 salt 1 fresh cilantro 3 coleslaw mix,slaw combine mayonnaise chipotle pepper adobo sauce salt cilantro bowl blender food processor pulse 4 5 time scrape side bowl replace lid puree smooth toss slaw mix set aside preheat oven 400 degree f 200 degree c line sheet pan foil pork microwavesafe bowl combine lime juice honey tomato paste cumin smoked paprika cayenne pepper coriander garlic stir combine add pork stir well heat 50 power warm 2 3 minute meanwhile place open bun prepared pan add slice smoked gouda bottom half bun trim overhang add second layer cheese bake bun preheated oven cheese begun melt 3 5 minute remove oven place 2 pork mixture top cheese add slaw taste slider cover top half bun serve immediately,6,6
meatball sub stick,allrecipes allstar recipe,allrecipes allstars appetizer,meatball sub stick easy make fun serve work either entree appetizer serve warm marinara sauce dipping,12 wooden skewer 1 pound 5 ounce lean beef 1 large egg 7 italian seasoned bread crumb 13 grated parmesan cheese 12 red onion 4 garlic paste 2 salt taste 1 dried oregano taste 1 dried parsley taste 1 dried basil taste 1 red chili flake optional,gather ingredient preheat oven 375 degree f 190 degree c place skewer water soak line sheet pan parchment paper meatball combine beef egg bread crumb parmesan cheese onion garlic paste salt oregano parsley basil chili flake large bowl evenly mixed weigh 113 ounce mixture form around 1 mozzarella cube roll hand ensure tight seal place meatball prepared pan repeat remaining mozzarella meatball mixture make 24 ball lightly floured cutting board work surface roll pizza dough slice 12 even strip place 2 meatball work surface coil 1 strip around alternating side form use finger tip hold first meatball gently insert skewer dough twisting skewer slightly come end separate bowl combine melted butter garlic parsley using pastry brush brush butter mixture dough bake preheated oven golden brown 20 25 minute serve warmed marinara sauce,12,7
jalapeno spinach dip,allrecipes allstar recipe,allrecipes allstars appetizer,jalapeno spinach dip recipe take crowd favorite notchthe jalapeno add nice kick feel free use jalapeno youd like hotter,1 butter olive oil 2 green onion sliced white part 2 jalapeno seeded 1 garlic 1 8 ounce bag fresh spinach 1 green seasoning 2 water 1 8 ounce package cream cheese 12 mayonnaise 12 parmesan plus topping,preheat oven 375 degree f 190 degree c heat butter olive oil cast iron skillet medium heat add green onion jalapeno garlic cook stir 1 2 minute add spinach green seasoning water cook stir spinach wilted 3 minute stir cream cheese mayonnaise together separate bowl stir spinach parmesan cheese spread evenly oven safe dish sprinkle little parmesan bake preheated oven hot bubbly 20 30 minute,10,5
potato cake smoked salmon,allrecipes allstar recipe,allrecipes allstars appetizer,potato cake smoked salmon appetizer feature golden crispy potato patty made potato smoked salmon lightly seasoned panfried perfection cake topped dollop sour cream slice smoked salmon green onion,3 potato 12 yellow onion 1 green onion 2 large egg 2 flour 2 ounce smoked salmon 1 old bayu00ae 2 oil 14 sour cream needed garnish,add grated potato onion white part green onion large mixing bowl stir egg flour combined set small amount salmon aside garnish stir salmon old bay seasoning heat oil cast iron skillet medium heat add potato mixture spoonful skillet flatten spatula make patty leave space potato cake may fry batch cook golden brown 2 3 minute per side garnish remaining smoked salmon green part green onion sour cream,9,4
cowboy queso,allrecipes allstar recipe,allrecipes allstars appetizer,cowboy queso cheesy meaty sticktoyourribs queso feel free use chicken broth beef broth instead beer grew sliced black olive many dish work omit theyre thing like serve individual cast iron skillet full cowboy experience serving dish work,1 pound beef 12 salt 14 black pepper 1 small jalapeno diced 1 small red onion diced 6 ounce beer 1 pound velveetau00ae 34 pepper jack cheese 1 15 ounce black bean drained 1 10 ounce diced tomato green chile 1 225 ounce black olive 12 fresh cilantro garnish,crumble beef large skillet mediumhigh heat cook stir browned 5 minute drain place drained beef back skillet add salt pepper jalapeno red onion beer cook onion translucent 3 minute reduce heat mediumlow add velveeta pepper jack cheese cook stirring cheese melted 5 minute add bean rotelu00ae black olive cook hot stirring frequently 5 minute transfer serving bowl garnish cilantro serve,12,4
miso aioli,allrecipes allstar recipe,allrecipes allstars appetizer,miso aioli great dip roasted raw veggie french fry tater tot air fried roasted potato wedge spread sandwich think grilled hamburger steamed shrimp fried fish think get ideajust use imaginationthe sky limit,34 mayonnaise 2 miso paste 1 lemon juice 2 reducedsodium soy sauce 12 sriracha,add mayonnaise miso paste lemon juice soy sauce sriracha small bowl whisk completely combined smooth cover refrigerate ready use,5,1
justin rowlands philly cheesesteak egg roll,allrecipes allstar recipe,allrecipes allstars appetizer,twist philly classic made shaved ribeye american cheese onion everything wrapped large egg roll wrapper fried perfection,1 extravirgin olive oil 1 white onion 125 ounce shaved ribeye meat garlic powder salt freshly black pepper taste 1 14 ounce package egg roll wrapper 4 slice white american cheese cut half 2 large egg beaten 2 oil,preheat large skillet medium heat add olive oil onion let cook 4 6 minute stirring every 2 minute onion little crisp add shaved ribeye meat stir garlic season salt pepper continue cook steak fully cooked 10 minute transfer meat mixture large mixing bowl place egg roll wrapper clear work surface like diamond add slice cheese wet corner egg fold bottom corner filling fold 2 side inwards roll tightly heat oil large dutch oven 350 degree f 180 degree c check temperature deep fry thermometer working batch add 2 3 egg roll time hot oil making sure overcrowd pot fry golden brown 2 5 minute per side transfer paper towel lined plate drain meanwhile stir together ketchup mayonnaise bowl dipping sauce slice egg roll diagonally cutting board serve dipping sauce,9,9
baked boursin tomato dip,allrecipes allstar recipe,allrecipes allstars appetizer,baked boursin tomato dip wonderful savory warm cheese dip super easy make enjoy crostini cracker,3 cherry grape tomato 2 olive oil 3 clove garlic 1 dried basil salt freshly black pepper taste 1 52 ounce package french cheese boursin fresh basil sliced green onion garnish,preheat oven 400 degree f 200 degree c combine tomato olive oil garlic basil salt pepper baking dish make well center drop boursin cheese bake preheated oven cheese start lightly brown 35 40 minute use fork mash cheese stir tomato garnish fresh basil sliced green onion serve immediately,7,4
christmas tree cheese ball,allrecipes allstar recipe,allrecipes allstars appetizer,christmas tree cheese ball quickly shaped easily decorated pineapple flavored cream cheese spread form tree rosemary sprig branch raspberry pistachio star sprinkle make red green ornament cheese cube present arrayed,plastic plastic cooking spray 2 75 ounce package pineapple flavored cream cheese spread 12 pint raspberry 12 pistachio fresh rosemary starshaped baking sprinkle colby monterrey jack mixed cheese cube 6 red waxwrapped mini cheese babybel assorted cracker serving,spray one side 12inch square piece plastic wrap cooking spray place plastic sprayed side work surface remove cream cheese spread container stack sprayed plastic lift plastic place spread mold cone shape using hand carefully slide cream cheese cone onto decorative plate dot cone fresh raspberry hole facing fill hole shelled pistachio dot cone pistachio make row raspberry around bottom cone gently pushing toward center cone insert several fresh rosemary sprig around cone imitate tree branch decorate starshaped baking sprinkle ornament randomly placed use cheese cube around base cone simulate package add red waxwrapped mini cheese serve immediately cracker,10,6
goat cheese stuffed date,allrecipes allstar recipe,allrecipes allstars appetizer,irresistible goat cheese stuffed date combine sweet chewiness medjool date creamy tang garlic herb goat cheese wrapped smoky bacon crisped perfection use thickcut bacon cook properly,14 medjool date 4 ounce garlic herb goat cheese 1 pine nut 7 slice bacon 14 toothpick 14 balsamic glaze,preheat oven 400 degree f 200 degree c line baking sheet parchment paper using paring knife cut date lengthwise middle remove pit stuff date goat cheese press 4 5 pine nut cheese wrap date piece bacon secure toothpick bacon wrap around date 1 12 time place prepared baking sheet bake preheated oven bacon nearly done 15 17 minute turn broiler place rack 6 inch heat broil date bacon browned slightly crispy 1 2 minute remove oven place serving platter drizzle date balsamic glaze,6,4
christmas ornament cheese ball,allrecipes allstar recipe,allrecipes allstars appetizer,christmas ornament cheese ball perfect festive holiday appetizer simple mix cream cheese ranch seasoning bacon dill pickle patted ball topped christmas ornament hanger tasty cute,1 8 ounce package cream cheese 1 1 ounce package ranch dressing mix 1 12 dill pickle 1 bacon 12 ounce fresh dill cracker serving,mix cream cheese ranchstyle dressing mix dill pickle bacon together large bowl shape mixture ball cover plastic wrap chill refrigerator least 4 hour overnight serving place dill plate shallow bowl remove chilled cheese ball plastic wrap roll cheese ball dill evenly coated side top ornament top optional serve cracker,6,4
honey mustard ham cheese slider,allrecipes allstar recipe,allrecipes allstars appetizer,honey mustard ham cheese slider miniature classic ham swiss sandwich hawaiian roll homemade honey mustard sauce,2 12 mayonnaise 2 12 honey 1 12 dijon mustard 1 12 yellow mustard 12 bun slider bun 12 pound black forest ham 8 ounce swiss cheese 3 butter,preheat oven 350 degree f 180 degree c grease 9x13inch baking dish stir mayonnaise honey dijon mustard prepared yellow mustard together bowl using sharp serrated knife carefully cut slider roll half horizontally set top roll aside place bottom half roll baking dish top ham swiss cheese followed honey mustard mixture place top half roll top melt butter microwave microwavesafe bowl high 30 second using pastry brush brush top slider cover roll foil bake preheated oven 20 minute slice individual roll ham cheese layer serve,8,5
everything bagel greek yogurt dip,allrecipes allstar recipe,allrecipes allstars appetizer,everything bagel greek yogurt dip 4 ingredient made minute serve veggie cracker,8 ounce plain greek yogurt 4 ounce lowfat cottage cheese 1 12 everything bagel seasoning 1 dry ranch dressing mix,add greek yogurt cottage cheese everything seasoning ranch dressing mix small bowl stir thoroughly combine refrigerate overnight best result,4,1
mediterranean deviled egg,allrecipes allstar recipe,allrecipes allstars appetizer,mediterranean deviled egg use greek yogurt feta olive fresh dill deliver flavor reminiscent region around world largest inland sea,6 large hard boiled egg 14 greek yogurt 1 white vinegar 1 fresh dill 2 feta cheese 1 olive 1 brine olive jar 12 garlic powder 1 pinch smoked paprika,slice egg half lengthwise remove yolk set white aside mash yolk fork small bowl stir greek yogurt vinegar dill feta olive olive brine garlic powder mix well spoon pipe egg yolk mixture egg white sprinkle smoked paprika refrigerate egg serving,9,3
garlic butter steak bite mushroom,allrecipes allstar recipe,allrecipes allstars appetizer,garlic butter steak bite mushroom marinated short quickly seared skillet combined sauteed mushroom onion garlic butter easily appetizer main course,14 coconut amino light soy sauce 2 red wine vinegar 1 olive oil 12 salt 12 black pepper,combine coconut amino red wine vinegar 1 olive oil salt pepper large resealable plastic bag seal bag gently squeeze ingredient mix add steak piece marinade squeeze air seal gently move steak piece around inside bag coat marinade refrigerate least 15 20 minute longer 1 hour meanwhile melt 2 butter microwavesafe dish stir garlic set aside drain marinade steak piece gently blot paper towel heat remaining butter mediumhigh heat large skillet butter sizzling add steak piece single layer sear browned 1 2 minute per side brown 2 batch needed remove steak skillet plate tent foil set aside rest add mushroom onion skillet stir frequently mushroom onion begin pick color 2 minute add 2 water skillet seems dry turn heat medium add garlic butter skillet cook vegetable tender 3 5 minute stir steak piece accumulated juice coat garlic butter skillet sprinkle parsley skillet remove heat garnish additional fresh parsley sprig desired,5,6
baked mac cheese bite,allrecipes allstar recipe,allrecipes allstars appetizer,baked mac cheese bite crispy around edge soft melty center star next tailgate love finger food mac cheese recipe,nonstick cooking spray 8 ounce elbow macaroni 2 unsalted butter 2 flour 1 12 milk 2 sharp cheddar cheese 2 ounce cream cheese 12 salt 14 black pepper 1 large egg beaten,preheat oven 400 degree f 200 degree c spray 2 mini muffin pan cooking spray bring large pot lightly salted water boil cook elbow macaroni boiling water stirring occasionally tender yet firm bite 8 minute drain melt butter large soup pot medium heat whisk flour smooth add milk bring simmer add 1 12 cheddar cheese cream cheese salt pepper stir smooth turn heat add drained pasta beaten egg cheese sauce stir evenly combined using small spoon divide mixture mini muffin tin sprinkle mac cheese bite remaining cheddar cheese bake preheated oven golden brown 16 minute remove oven let stand 5 minute serving,10,6
everything pig blanket,allrecipes allstar recipe,allrecipes allstars appetizer,everything pig blanket perfect appetizer party using crescent roll dough lil smokies cook less 6 minute air fryer,1 14 ounce package cocktail sausage lil smokies 1 8 ounce crescent roll dough 1 everything bagel seasoning,preheat air fryer 390 degree f 195 degree c unroll crescent roll dough sprinkle everything bagel seasoning dough pressing adhere separate triangle using pizza cutter slice triangle lengthwise 3 long thin triangle lay sausage wide end dough triangle roll toward point add pig blanket basket air fryer may need work batch cook air fryer golden brown 5 6 minute,3,4
2ingredient everything bagel chicken wing,allrecipes allstar recipe,allrecipes allstars appetizer,2ingredient air fryer everything bagel chicken wing take easy nonspicy wing perfectly seasoned crispy outside tender juicy inside really need 2 ingredient,2 pound wing wingettes drumettes 2 everything bagel seasoning,preheat air fryer 390 degree f 199 degree c place wing large bowl sprinkle everything seasoning top using hand mix well wing evenly coated place wing basket air fryer skin side cook 20 minute shake cook crisp 3 minute,2,3
honey glazed halloumi,allrecipes allstar recipe,allrecipes allstars appetizer,honey glazed halloumi sliced marinated tangy flavorful honey sesame sauce browned quickly skillet cypriot origin high melting point classic fried halloumi twist,1 7 ounce block halloumi cheese 14 honey 1 sesame oil 1 lime juice 2 garlic 1 sesame seed 12 chili pepper flake 2 olive oil fresh fresh,slice halloumi lengthwise 6 equal slice pat dry paper towel add halloumi slice shallow container glaze combine honey sesame oil lime juice garlic sesame seed chili flake small bowl spoon glaze halloumi cover marinate refrigerator least 1 hour overnight heat olive oil skillet medium heat place halloumi pan leaving plenty space slice cook slice nice golden brown 1 2 minute per side brown quickly lower heat simmer add remaining glaze skillet quickly warm spoon glaze halloumi well coated place halloumi slice plate fresh lime wedge drizzle leftover glaze skillet serve immediately,9,5
beet pickled deviled egg,allrecipes allstar recipe,allrecipes allstars appetizer,beet pickled deviled egg take striking pink color plunged pickled beet brine theyre beautiful appetizer sure turn head,1 15 ounce beet 12 apple cider vinegar needed 2 white sugar 1 salt 1 peppercorn 6 large hard boiled egg,brine drain beet juice small saucepan set beet slice aside add 12 vinegar sugar salt peppercorn bring low boil medium heat stirring sugar dissolve 3 5 minute let cool completely 20 minute place egg jar glass bowl large enough brine completely cover egg pour brine top vinegar needed cover egg completely refrigerate covered least 12 24 hour longer egg brine deeper pink slice egg half lengthwise top bottom sharp knife remove yolk place bowl mash yolk fork smooth stir mayonnaise dijon 1 vinegar hot sauce season salt pepper option small food processor place filling ingredient blend smooth spoon filling evenly egg white add mixture piping bag resealable plastic bag one corner clipped pipe mixture egg white half garnish desired serve,6,4
blt egg slider,allrecipes allstar recipe,allrecipes allstars appetizer,blt egg slider everything love blt sandwich minus bread really fun tailgating appetizer,8 slice bacon 12 extra large hard boiled egg 2 mayonnaise 2 rom tomato 12 leaf bibb lettuce 34 seasoned salt,place bacon large skillet cook mediumhigh heat turning occasionally evenly browned 10 minute drain bacon slice paper towel break bacon slice third cool enough handle slice egg half lengthwise place 12 egg half serving plate set egg half aside spread mayonnaise 12 egg half top 2 piece bacon top 1 tomato slice 1 folded lettuce leaf top reserved egg half secure slider toothpick sprinkle seasoned salt serve,6,4
truffle deviled egg,allrecipes allstar recipe,allrecipes allstars appetizer,truffle deviled egg offer luxurious twist classic appetizer combining smooth blend mashed yolk mayonnaise touch dijon mustard truffle oil unmistakable umami flavor elegant bite deliver sophisticated flavor every bite perfect special occasion gourmet entertaining,6 large hardboiled egg 2 mayonnaise 1 dijon mustard 1 truffle oil 18 truffle salt 18 black pepper 1 chive 12 piece truffle optional,halve egg lengthwise scoop egg yolk bowl mini food processor set egg white aside mini food processor mash ingredient bowl fork add mayonnaise dijon mustard truffle oil salt pepper egg yolk blend well smooth scraping side bowl mixture thick blend extra two mayonnaise place yolk mixture resealable bag snip corner pipe mixture egg white top chive shaved truffle refrigerate ready serve,8,3
herby garlic skillet dinner roll,allrecipes allstar recipe,allrecipes allstars bread,herby garlic skillet dinner roll dressedup frozen dinner roll dough baked buttery garlic herb coating topped little grated parmesan cheese guest love,12 unsalted butter 1 pinch kosher salt 2 clove garlic 2 parsley 1 fresh rosemary 18 dough ball 1 grated parmesan cheese,brush 10inch cast iron skillet melted butter combine remaining melted butter salt garlic flatleaf parsley rosemary large mixing bowl place thawed dough ball butter herb mixture coat dough ball thoroughly place coated dough ball prepared skillet reserve remaining butterherb mixture lightly brush piece plastic wrap melted butter cover roll buttered side toward roll set warm place without draft doubled size 2 3 hour preheat oven 375 degree f 190 degree c gently remove plastic wrap melt remaining herb butter microwave necessary pour top roll sprinkle parmesan cheese bake roll preheated oven lightly browned 15 20 minute remove oven cool pan 3 5 minute serve warm,7,6
dill pickle cornbread muffin,allrecipes allstar recipe,allrecipes allstars bread,dill pickle cornbread muffin new twist cornbread muffin dont worry dill pickle flavor overwhelm youll taste subtle essence muffin delicious bowl chili also enjoy simply pat butter drizzle hot honey variation try spicy hot dill pickle even bolder flavor,1 yellow cornmeal 1 flour 2 baking powder 2 sugar 12 salt 1 whole milk 2 large egg 14 dill pickle brine 14 unsalted butter melted cooled 13 dill pickle 2 red bell pepper,preheat oven 400 degree f 200 degree c spray standard 12well muffin pan nonstick cooking spray line paper muffin liner large bowl mix cornmeal flour baking powder sugar salt whisk milk egg pickle brine butter together small bowl pour flour mixture stir combined fold dill pickle red bell pepper spoon batter evenly prepared muffin pan filling 23 full bake muffin starting turn golden brown 15 20 minute toothpick inserted center come clean cool pan 5 minute remove muffin wire rack serve warm room temperature,11,5
easy cottage cheese wrap,allrecipes allstar recipe,allrecipes allstars bread,easy cottage cheese wrap ketostyle flatbread sprinkled everything seasoning perfect base highprotein breakfast wrap batter whipped blender poured baking sheet baked,nonstick cooking spray 2 large egg 12 high protein cottage cheese 14 seasoning,preheat oven 380 degree f 193 degree c line rimmed baking sheet parchment spray nonstick spray add egg cottage cheese jar blender blend high smooth 30 second pour mixture onto prepared pan roughly rectangular shape sprinkle bagel seasoning mixture bake preheated oven 20 minute remove immediately allow cool 5 minute removing wrap parchment,4,3
ham gruyère scone,allrecipes allstar recipe,allrecipes allstars bread,ham gruyère scone tiny piece ham nutty grated gruyère perfect time day crunchy outside tender inside savory scone delicious egg morning tasty bowl soup salad lunch delightful evening dinner bread,2 flour 1 white sugar 2 baking powder 1 salt 34 butter 34 cooked ham 34 gruyu00e8re cheese 12 heavy cream 1 large egg 1 water 1 pinch salt,combine flour sugar baking powder salt large mixing bowl use pastry cutter cut butter flour mixture resembles rice coarse meal stir ham gruyu00e8re evenly mixed moisten flour mixture cream dough begin come together add bit cream milk water dough seems dry turn floured work surface fold dough onto gently stretch dough turning folding 3 4 time lightly flour rolling pin roll dough 12 34inch thick turning dough quarter turn occasionally cut scone lightly floured 3inch biscuit cutter press cutter straight without twisting pat dough scrap together cut needed line baking sheet parchment place cut scone sheet whisk egg water pinch salt together small bowl brush top scone egg wash refrigerate 20 minute preheat oven 450 degree f 235 degree c brush top scone egg mixture bake scone center preheated oven top crispy lightly browned 15 20 minute serve warm room temperature,11,7
lemon cranberry bread,allrecipes allstar recipe,allrecipes allstars bread,lemon cranberry bread bright citrusy quick bread chock full tart tangy dried cranberry finished lemoncream cheese icing tasty treat perfect occasion,1 white sugar 34 buttermilk 12 vegetable oil 2 extra large egg 2 fresh lemon zest 2 fresh lemon juice 12 salt 12 vanilla 2 flour 34 baking powder 12 baking soda 1 dried cranberry,preheat oven 350 degree f 175 degree c generously butter 812x412inch loaf pan line bottom parchment paper bread whisk together sugar buttermilk oil egg lemon zest lemon juice salt vanilla large bowl thoroughly combined add 2 flour baking powder baking soda mix incorporated toss cranberry 1 12 flour small bowl coated fold cranberry batter pour batter prepared pan bake preheated oven toothpick inserted center loaf come moist crumb 50 60 minute cool bread pan 20 minute remove wire rack cool completely icing beat cream cheese confectioner sugar lemon juice milk pinch salt together bowl electric mixer fully smooth combined add milk needed thinner icing 12 time spread glaze evenly top cooled loaf,12,5
cinnamon buttermilk bread,allrecipes allstar recipe,allrecipes allstars bread,cinnamon buttermilk bread bit applesauce make moist oil butter simple ingredient youll nearly always hand make great anyday snack,2 flour 1 sugar 2 baking powder 12 baking soda 2 12 cinnamon 1 salt 1 buttermilk 14 applesauce 2 large egg 2 vanilla 2 unsalted butter,preheat oven 350 degree f 175 degree c lightly spray 9x5inch loaf pan nonstick spray whisk flour 1 sugar baking powder baking soda 1 12 cinnamon salt together large bowl stir buttermilk applesauce egg vanilla together stir wet ingredient dry ingredient well combined pour prepared loaf pan smooth top combine remaining sugar cinnamon butter small bowl fork crumbly sprinkle batter loaf pan bake toothpick inserted middle come clean 50 minute,11,5
salted caramel pumpkin muffin,allrecipes allstar recipe,allrecipes allstars bread,salted caramel pumpkin muffin use sweetsalty purchased salted caramel spice enliven traditional pumpkin muffin,2 14 flour 2 baking powder 12 baking soda 2 cinnamon 2 caramel spice savory spice 12 nutmeg 1 pinch salt 1 stick unsalted butter 12 packed light brown sugar 14 sugar 1 vanilla bean paste 2 large egg 1 15 ounce pumpkin puree 14 honey vanilla greek yogurt 1 walnut,preheat oven 400 degree f 200 degree c grease standard 12cup muffin pan line paper liner whisk flour baking powder baking soda salted caramel spice cinnamon nutmeg salt together bowl set aside beat butter brown sugar white sugar together large bowl creamy add vanilla bean paste egg one time beating addition add pumpkin yogurt beat well add flour mixture little time beating addition fold walnut streusel topping combine flour brown sugar salted caramel spice cinnamon bowl mix together fork cut butter pastry blender fork mixture resembles coarse meal fill muffin 34 full batter sprinkle streusel topping bake preheated oven toothpick inserted near center come clean 20 minute remove oven cool serve warm room temperature,15,7
applesauce muffin,allrecipes allstar recipe,allrecipes allstars bread,applesauce muffin warm seasoning make think fall backtoschool topped walnut streusel topping theyre good breakfast lateday snack,2 butter 14 flour 2 plus 2 brown sugar 2 walnut,preheat oven 400 degree f 200 degree c prepare 6cup jumbo muffin pan liner grease butter crumb topping add butter flour brown sugar walnut small bowl use fork combine mixture small crumbles set aside muffin whisk milk egg butter together bowl add brown sugar applesauce vanilla whisk blended set aside separate bowl stir together flour baking powder salt cinnamon clove nutmeg add dry mixture wet ingredient carefully fold combined fill muffin tin 23 full batter sprinkle evenly crumb topping bake preheated oven toothpick come clean 25 minute remove muffin pan cool rack,4,5
plum muffin,allrecipes allstar recipe,allrecipes allstars bread,plum muffin made fresh plum almond sprinkle candied ginger top sweettart moist delicious great way enjoy plum season enjoy coffee tea morning glass milk afternoon snack,2 flour 1 white sugar 2 baking powder 1 baking soda 14 nutmeg 12 ginger 12 salt 2 large egg 12 milk 14 almond 12 unsalted butter 2 plum 13 almond 3 candied ginger optional,preheat oven 400 degree f 200 degree c prepare standard 12cup muffin tin paper liner whisk flour sugar baking powder baking soda nutmeg powdered ginger salt together bowl set aside whisk egg milk almond together bowl continue whisking pour melted butter combined add egg mixture flour mixture stir dry ingredient moistened fold plum almond divide evenly among 12 muffin sprinkle candied ginger muffin top bake muffin preheated oven muffin spring back lightly touched 23 25 minute remove cool rack 5 10 minute serve warm room temperature store leftover muffin cool airtight container 2 3 day wrap freeze,14,6
plum streusel muffin,allrecipes allstar recipe,allrecipes allstars bread,moist plum streusel muffin cinnamony topping make delicious anytime treat muffin bake tall thanks overcrowding pan baking 6 muffin time may take longer term prepthe end result worth,14 unsalted butter 13 light brown sugar 34 flour 1 cinnamon 1 pinch salt,preheat oven 400 degree f 200 degree c grease line every muffin standard 12cup muffin pan streusel combine melted butter brown sugar flour cinnamon salt small bowl mixture come together form crumb set aside muffin batter mix butter white sugar salt cinnamon nutmeg together large bowl combined add egg vanilla mix thoroughly combined pour sour cream milk mix combined add flour baking powder baking soda mix almost way incorporated dry spot flour remaining add plum fold incorporate fill every muffin prepared pan 6 12 top muffin batter crumble streusel topping top muffin reserving enough streusel bake remaining batter place muffin pan onto baking sheet bake preheated oven muffin tall golden brown top muffin spring back lightly touched 20 25 minute allow muffin cool pan 5 10 minute removing wire rack cool completely repeat baking process preparing every muffin filling every muffin top batter topping streusel baking batter used,5,6
cheesy garlic bread,allrecipes allstar recipe,allrecipes allstars bread,cheesy garlic bread simple straightforward cheesy garlic bread serve favorite pasta dish soup,1 14 ounce loaf french bread 8 unsalted butter 1 garlic powder 12 grated parmesanromano 1 mozzarella cheese 14 parsley,preheat oven broiler low place bread slice face baking sheet brush melted butter top divide garlic powder parmesan blend mozzarella evenly slice order place baking sheet middle rack broil low golden bubbly 9 minute sprinkle parsley,6,3
depression era peanut butter bread,allrecipes allstar recipe,allrecipes allstars bread,depression era peanut butter bread sweet developed depression egg oil butter hard come modernized bit adding peanut pb2 powdered peanut butter optional bread equally delicious without,cooking spray 2 flour 2 powdered peanut butter 4 baking powder 12 salt 1 14 peanut butter 1 14 whole milk 34 brown sugar 34 peanut,preheat oven 350 degree f 175 degree c spray 9x5inch loaf pan nonstick cooking spray set aside combine flour peanut butter powder baking powder salt bowl set aside mix peanut butter milk brown sugar together bowl electric mixer fully combined add flour mixture mix low speed flour disappears stir peanut scoop batter prepared loaf pan smooth spatula bake preheated oven toothpick inserted near center come clean 45 55 minute cool pan wire rack 10 minute remove pan cool completely wire rack,9,4
reuben crescent roll,allrecipes allstar recipe,allrecipes allstars bread,reuben crescent roll make delightful bitefuls refrigerated crescent roll filled pastrami corned beef swiss cheese bit sauerkraut,2 8count can crescent roll 8 thin slice pastrami corned beef 4 slice swiss cheese 1 sauerkraut 8 thousand island salad dressing 1 large egg beaten 2 caraway seed,preheat oven 375 degree f 190 degree c line sheet pan parchment paper cutting board work surface separate crescent roll 16 triangle lining thin point triangle point away cut slice pastrami corned beef diagonally 2 triangle making 16 cut swiss cheese slice half cut half diagonally make 16 triangle triangle crescent dough place triangle meat shape slightly smaller crescent dough add triangle swiss cheese place 1 sauerkraut along bottom edge triangle add 12 thousand island salad dressing top sauerkraut roll crescent away beginning wide end rolling narrow point way crescent roll made keeping filling ingredient inside dough roll place completed roll prepared pan brush rollup egg sprinkle caraway seed bake preheated oven golden brown hot throughout 21 25 minute remove cool baking rack 3 5 minute serve warm,7,8
grilled gyro flatbread,allrecipes allstar recipe,allrecipes allstars bread,scrumptious grilled gyro flatbread begin prepared pizza dough add flavor memorable gyro sandwich,1 pizza dough 1 olive oil needed 13 tzatziki sauce 13 cheese 14 feta cheese 2 ounce gyro meat 1 rom tomato sliced 2 black olive sprig fresh dill torn needed optional,preheat gas grill burner high 10 15 minute shape pizza dough brush one side olive oil reduce flame half grill burner low create area direct indirect heat carefully place dough olive oil side facing onto grill direct heat close cover let dough grill bottom barely cooked show char mark 1 3 minute use tongs move dough indirect heat without turning dough grill 2 3 minute transfer dough baking sheet spread tzatziki sauce dough add quesadilla cheese feta cheese gyro meat tomato slice black olive return pizza grill indirect heat grill cheese melted 3 4 minute top sprig fresh dill cut wedge serve,9,6
plum pecan muffin,allrecipes allstar recipe,allrecipes allstars bread,plum pecan muffin loaded fruit youll get taste plum every bite pecan ginger bring additional layer flavor sweet ripe plum,2 flour 12 white sugar 2 baking powder 1 ginger 12 baking soda 1 pinch salt 1 plain greek yogurt 12 orange juice 2 large egg 14 unsalted butter 1 vanilla 2 plum 12 pecan,preheat oven 350 degree f 180 degree c spray 12cup standard muffin tin cooking spray line paper liner large bowl stir together flour sugar baking powder ginger baking soda salt separate bowl whisk yogurt orange juice egg butter vanilla well combined make well center dry ingredient pour yogurt mixture well stir batter combined gently fold plum pecan evenly spoon batter prepared muffin tin bake preheated oven muffin golden toothpick inserted near center come clean 20 25 minute allow muffin cool pan 5 minute remove wire rack cool completely,13,6
snickerdoodle zucchini bread,allrecipes allstar recipe,allrecipes allstars bread,top sweet moist snickerdoodle zucchini bread full crack crevice filled cinnamonsugar snickerdoodle topping,cooking spray 34 white sugar 2 white sugar 12 oil 1 large egg room temperature 12 vanilla 1 u00bd flour 1 cinnamon 12 baking soda 12 salt 14 baking powder 14 nutmeg 14 cream tartar 1 zucchini,preheat oven 350 degree f 180 degree c spray loaf pan nonstick cooking spray set aside combine 34 plus 2 sugar oil egg vanilla large bowl mix well another bowl mix flour cinnamon baking soda salt baking powder nutmeg cream tartar add flour mixture oil mixture stir well combined batter thick add zucchini stir well incorporated whisk 14 sugar 12 cinnamon together small bowl pour half batter prepared pan smoothing spatula top half cinnamon sugar top remaining batter smoothing spatula top remaining cinnamon sugar bake preheated oven toothpick inserted center come clean 45 55 minute let cool wire rack 15 minute turning,14,4
jalapeno cheddar cornbread muffin,allrecipes allstar recipe,allrecipes allstars bread,jalapeno cornbread muffin cheese feature sharp cheddar mix one secret chunk mozzarella inside along spice jalapeños guess time make cornbread different mom,1 cornmeal 1 flour 4 baking powder 1 salt 13 honey 1 large egg 1 milk 14 vegetable oil 2 heddar cheese 2 jalapeno pepper seeded 2 mozzarella stick cut 6 piece 12 jalapeno pepper optional,preheat oven 400 degree f 200 degree c grease line 12 muffin large bowl mix together cornmeal flour baking powder salt stir honey egg milk vegetable oil blend thoroughly stir sharp cheddar cheese jalapeu00f1os pour spoon batter prepared muffin add mozzarella piece center muffin one jalapeu00f1o slice bake preheated oven toothpick inserted center muffin come clean 14 minute,12,4
strawberry biscuit,allrecipes allstar recipe,allrecipes allstars bread,sweet strawberry biscuit make great onthego breakfast nice ending dinner make bit sweeter drizzle optional glaze,1 23 flour 14 sugar 1 baking powder 14 salt 34 butter frozen 1 strawberry 23 buttermilk 1 vanilla 1 heavy cream 2 sugar,preheat oven 425 degree f 220 degree c line baking sheet parchment paper combine flour 14 sugar baking powder salt large bowl grate frozen butter dry ingredient gently mix add strawberry mix strawberry coated flour mixture combine buttermilk vanilla pour strawberry mixture stir barely combined overmix biscuit tough use ice cream scoop scoop biscuit onto prepared baking sheet brush top biscuit heavy cream sprinkle 2 sugar bake preheated oven bottom browned 15 17 minute let sit 5 minute remove biscuit cool completely wire rack whisk powdered sugar milk together drizzle biscuit,10,6
rhubarb poppy seed muffin,allrecipes allstar recipe,allrecipes allstars bread,rhubarb muffin toe line muffin cupcakebut delicious nonetheless vanillapoppy seed muffin base contrast nicely tart rhubarb,12 unsalted butter softened 1 14 white sugar 3 large egg room temperature 1 vanilla 14 almond 2 flour 1 poppy seed 2 baking powder 12 salt 14 nutmeg 1 plain whole milk greek yogurt 1 12 rhubarb,preheat oven 400 degree f 200 degree c line two muffin pan liner large bowl beat butter sugar together light fluffy 2 3 minute add egg 1 time beating well addition turn mixer speed mediumhigh beat batter light fluffy lightened color 5 minute mix vanilla almond extract add 1 flour poppy seed baking powder salt nutmeg mix low speed combined add yogurt mix combined add remaining 1 flour mix incorporated fold rhubarb divide batter lined muffin filling one 34 full bake preheated oven muffin spring back lightly touched 20 23 minute allow muffin cool pan minute removing wire rack cool completely,12,5
onebowl lemon bread,allrecipes allstar recipe,allrecipes allstars bread,easy one bowl recipe creates delightfully soft lemon bread topped delicious lemon icing,cooking spray 1 sugar 2 large egg room temperature 13 olive oil 2 lemon zest 14 lemon juice 1 vanilla 2 flour divided 1 12 baking powder 12 salt 1 buttermilk room temperature,preheat oven 325 degree f 165 degree c spray 8 12x4 12inch loaf pan nonstick spray whisk together sugar egg olive oil 2 lemon zest 14 lemon juice vanilla together large bowl thoroughly combined add 1 flour baking powder 12 salt mix combined pour buttermilk mix combined add remaining 1 flour mix combined pour batter prepared pan tap pan counter time remove large air bubble bake preheated oven top spring back lightly touched 60 65 minute toothpick inserted near center come clean allow bread cool pan 30 minute removing wire rack cool completely make icing whisk powdered sugar 2 lemon juice cream 14 zest 1 pinch salt together small bowl smooth pour icing cooled bread allow set slicing,11,5
honey biscuit,allrecipes allstar recipe,allrecipes allstars bread,buttery biscuit get light hint sweetness added honey serve warm additional honey jam whatever like biscuit,2 flour 1 baking powder 34 kosher salt 12 butter cut 14inch piece 34 buttermilk 2 honey,preheat oven 400 degree f 200 degree c line baking sheet parchment paper stir together flour baking powder salt bowl cut butter using pastry blender two fork mixture resembles coarse crumb stir honey buttermilk together pour flour mixture stir mixture come together turn mixture onto lightlyfloured work surface press dough rectangle shape 12 inch thick fold mixture third like letter turn 90 degree press 12inch thick rectangle fold dough third turn 90 degree press 12inch thick rectangle fold dough third one time press thicker rectangle 1inch thick cut biscuit 2inch round cookie cutter place biscuit onto prepared baking sheet 1 inch apart gently press remaining dough back together cut biscuit place onto baking sheet press together remaining dough scrap form final biscuit bake preheated oven biscuit begin turn golden 13 15 minute cool rack minute serving,6,6
crescent roll pretzel,allrecipes allstar recipe,allrecipes allstars bread,fun recipe make homemade pretzel made refrigerated crescent dough,1 8 ounce package refrigerated crescent roll dough pillsburyu00ae 8 water 3 baking soda 1 small egg 1 water 1 butter melted u00bc coarse salt,preheat oven 400 degree f 200 degree c line baking sheet parchment paper set aside combine 8 water baking soda large pot bring rolling boil high heat boiling reduce heat keep water simmer start large end roll crescent roll triangle large rope 12 inch long form rope shape pretzel using spider strainer lower 1 pretzel time simmering water 7 8 second place pretzel parchment lined baking sheet combine egg 1 water small bowl brush pretzel egg mixture bake preheated oven golden brown 12 14 minute remove oven brush pretzel melted butter sprinkle coarse salt still hot,7,6
easy twoingredient naan,allrecipes allstar recipe,allrecipes allstars bread,twoingredient naan true traditional naan bread sure work pinch,1 u00bc selfrising flour needed 1 wholemilk greek yogurt,mix selfrising flour greek yogurt together large bowl combined transfer lightly floured work surface knead smooth adding flour necessary keep dough sticking 2 3 minute pat dough rough 9x7inch rectangle divide 8 equal piece lightly dust piece flour flatten semirectangular shape 14 inch thick lightly grease large skillet place medium heat add 1 2 flattened dough piece skillet cook begin bubble brown 2 4 minute flip cook additional 2 4 minute remove heat repeat remaining dough piece cooked serve warm,2,3
butter swim biscuit,allrecipes allstar recipe,allrecipes allstars bread,butter swim biscuit literally swimming pool butter prior baking hence name theyre fluffy buttery there need extra butter table easy make basic pantry item perfect breakfast dinner,u00bd unsalted butter 2 u00bd flour 4 baking powder 4 white sugar 1 salt 1 u00be buttermilk,gather ingredient preheat oven 450 degree f 230 degree c place butter glass ceramic 8inch square baking dish microwave 1 minute stir butter continue cook stir 20second interval butter fully melted sift flour baking powder sugar salt bowl stir buttermilk combined pour baking dish spread melted butter use bench scraper cut dough 9 equal piece bake preheated oven starting brown top 20 25 minute,6,7